Campaign_ID,Date,Campaign_Name,Country,Channel,Platform,Ad_Spend,Impressions,Clicks,Conversions,Revenue,CTR,Conversion_Rate,CPC,CPA,ROAS
CMP-0079,2025-01-01,Back to School,United States,Paid Social,LinkedIn,3050.64,308795,8186,329,31869.34,0.0265,0.0402,0.37,9.27,10.45
CMP-0287,2025-01-01,Black Friday,United Kingdom,Display,Google Display,309.51,69310,696,25,2197.29,0.01,0.0359,0.44,12.38,7.1
CMP-0330,2025-01-01,New Year Reset,United States,Affiliate,Affiliate Network,612.59,58360,1858,83,8361.94,0.0318,0.0447,0.33,7.38,13.65
CMP-0146,2025-01-02,Cyber Monday,United States,Paid Search,Google Ads,12716.86,459979,17737,1172,110067.11,0.0386,0.0661,0.72,10.85,8.66
CMP-0216,2025-01-02,Back to School,Australia,Paid Search,Google Ads,1646.03,87187,4874,286,21446.74,0.0559,0.0587,0.34,5.76,13.03
CMP-0063,2025-01-03,Cyber Monday,Canada,Affiliate,Affiliate Network,3466.38,251815,7701,594,67365.56,0.0306,0.0771,0.45,5.84,19.43
CMP-0256,2025-01-03,Spring Refresh,United Kingdom,Paid Search,Microsoft Ads,5584.28,296496,11761,814,86408.84,0.0397,0.0692,0.47,6.86,15.47
CMP-0735,2025-01-03,Fall Favorites,Australia,Paid Social,LinkedIn,3534.75,464931,11341,344,32847.24,0.0244,0.0303,0.31,10.28,9.29
CMP-0506,2025-01-04,Holiday Gift Guide,United States,Paid Social,Facebook,3345.58,305938,4836,170,14944.99,0.0158,0.0352,0.69,19.68,4.47
CMP-0675,2025-01-04,Holiday Gift Guide,Canada,Paid Social,Instagram,1593.28,160209,3008,144,10978.81,0.0188,0.0479,0.53,11.06,6.89
CMP-0206,2025-01-05,Black Friday,Canada,Display,Google Display,2864.53,470655,3621,115,10722.09,0.0077,0.0318,0.79,24.91,3.74
CMP-0519,2025-01-05,Summer Essentials,United States,Paid Social,TikTok,3444.1,320086,4234,258,18973.03,0.0132,0.0609,0.81,13.35,5.51
CMP-0162,2025-01-06,Back to School,United States,Paid Search,Microsoft Ads,4246.42,137098,7887,625,73559.05,0.0575,0.0792,0.54,6.79,17.32
CMP-0391,2025-01-06,New Year Reset,Canada,Paid Social,LinkedIn,3908.68,441288,6841,275,20702.88,0.0155,0.0402,0.57,14.21,5.3
CMP-0471,2025-01-07,Black Friday,United States,Email,Email,508.01,220536,8979,1087,78219.49,0.0407,0.1211,0.06,0.47,153.97
CMP-0013,2025-01-08,Black Friday,Canada,Paid Search,Google Ads,9020.5,322972,14394,954,101921.39,0.0446,0.0663,0.63,9.46,11.3
CMP-0114,2025-01-08,Black Friday,Canada,Email,Email,198.06,74991,2179,151,14987.44,0.0291,0.0693,0.09,1.31,75.67
CMP-0615,2025-01-08,Black Friday,United States,Paid Social,Instagram,1536.07,131162,4464,157,11471.95,0.034,0.0352,0.34,9.78,7.47
CMP-0470,2025-01-09,Back to School,Canada,Email,Email,624.67,236835,9797,480,38339.38,0.0414,0.049,0.06,1.3,61.38
CMP-0543,2025-01-09,Black Friday,United Kingdom,Affiliate,Affiliate Network,1313.16,83144,1529,128,10722.47,0.0184,0.0837,0.86,10.26,8.17
CMP-0183,2025-01-10,Winter Wellness,United States,Display,Google Display,1455.65,172464,1734,48,2670.77,0.0101,0.0277,0.84,30.33,1.83
CMP-0618,2025-01-10,Fall Favorites,United States,Affiliate,Affiliate Network,1447.82,163811,3248,162,16993.27,0.0198,0.0499,0.45,8.94,11.74
CMP-0684,2025-01-10,Black Friday,United States,Paid Social,Instagram,2587.53,245907,6036,452,49205.62,0.0245,0.0749,0.43,5.72,19.02
CMP-0747,2025-01-10,Summer Essentials,United Kingdom,Paid Social,Facebook,1527.38,135547,2087,104,6164.04,0.0154,0.0498,0.73,14.69,4.04
CMP-0266,2025-01-13,Always-On Acquisition,United Kingdom,Email,Email,142.48,93063,3525,243,18707.56,0.0379,0.0689,0.04,0.59,131.3
CMP-0354,2025-01-13,Spring Refresh,Canada,Affiliate,Affiliate Network,3280.42,340950,8145,557,48438.73,0.0239,0.0684,0.4,5.89,14.77
CMP-0637,2025-01-13,New Year Reset,United States,Paid Social,TikTok,523.35,49179,1656,49,3880.27,0.0337,0.0296,0.32,10.68,7.41
CMP-0344,2025-01-14,New Year Reset,United States,Paid Search,Microsoft Ads,10224.62,367218,15466,1502,167617.47,0.0421,0.0971,0.66,6.81,16.39
CMP-0372,2025-01-15,Black Friday,United Kingdom,Affiliate,Affiliate Network,3246.14,267954,6494,552,73525.71,0.0242,0.085,0.5,5.88,22.65
CMP-0386,2025-01-15,Fall Favorites,United States,Paid Search,Google Ads,8397.13,379119,17599,443,47336.82,0.0464,0.0252,0.48,18.96,5.64
CMP-0700,2025-01-15,Cyber Monday,United States,Paid Search,Google Ads,15622.02,472513,20957,1679,234470.09,0.0444,0.0801,0.75,9.3,15.01
CMP-0731,2025-01-16,Always-On Acquisition,United States,Email,Email,1530.73,498123,18930,942,59240.69,0.038,0.0498,0.08,1.62,38.7
CMP-0095,2025-01-17,Spring Refresh,United States,Email,Email,534.96,144907,8050,876,94301.36,0.0556,0.1088,0.07,0.61,176.28
CMP-0176,2025-01-17,Cyber Monday,Canada,Paid Social,Facebook,682.62,80975,1909,101,10838.75,0.0236,0.0529,0.36,6.76,15.88
CMP-0203,2025-01-17,Spring Refresh,Canada,Email,Email,1032.78,314942,7402,544,39319.4,0.0235,0.0735,0.14,1.9,38.07
CMP-0298,2025-01-17,Summer Essentials,United States,Paid Social,TikTok,563.19,60827,1248,73,6505.15,0.0205,0.0585,0.45,7.71,11.55
CMP-0490,2025-01-17,Spring Refresh,Canada,Display,Google Display,143.5,27476,277,5,383.72,0.0101,0.0181,0.52,28.7,2.67
CMP-0549,2025-01-17,Fall Favorites,United States,Paid Social,TikTok,4102.31,415389,5362,313,29550.88,0.0129,0.0584,0.77,13.11,7.2
CMP-0077,2025-01-18,New Year Reset,United States,Paid Search,Microsoft Ads,1605.5,53751,1678,110,10220.49,0.0312,0.0656,0.96,14.6,6.37
CMP-0517,2025-01-18,Fall Favorites,Canada,Display,Programmatic,1815.57,353288,3275,54,4554.73,0.0093,0.0165,0.55,33.62,2.51
CMP-0682,2025-01-18,New Year Reset,Canada,Display,Google Display,2121.31,384310,4467,54,3174.3,0.0116,0.0121,0.47,39.28,1.5
CMP-0087,2025-01-19,Fall Favorites,United States,Email,Email,1282.02,423540,16399,1484,131106.78,0.0387,0.0905,0.08,0.86,102.27
CMP-0127,2025-01-19,Summer Essentials,United States,Paid Social,TikTok,780.69,87831,2255,34,3238.6,0.0257,0.0151,0.35,22.96,4.15
CMP-0260,2025-01-19,Always-On Acquisition,United States,Paid Social,Instagram,396.32,42615,1329,42,3460.37,0.0312,0.0316,0.3,9.44,8.73
CMP-0385,2025-01-20,Summer Essentials,United Kingdom,Paid Search,Microsoft Ads,9892.53,350741,9968,773,66839.48,0.0284,0.0775,0.99,12.8,6.76
CMP-0520,2025-01-22,Back to School,United States,Email,Email,636.21,168459,4547,269,20271.86,0.027,0.0592,0.14,2.37,31.86
CMP-0590,2025-01-22,Cyber Monday,United Kingdom,Paid Social,Instagram,555.87,76265,1869,133,10934.09,0.0245,0.0712,0.3,4.18,19.67
CMP-0702,2025-01-22,Winter Wellness,United States,Paid Search,Google Ads,2818.0,104228,4552,239,27986.7,0.0437,0.0525,0.62,11.79,9.93
CMP-0106,2025-01-23,Back to School,United States,Display,Programmatic,2148.85,337661,3802,67,5167.29,0.0113,0.0176,0.57,32.07,2.4
CMP-0112,2025-01-24,Summer Essentials,Australia,Paid Search,Google Ads,6448.84,350578,14493,919,111636.96,0.0413,0.0634,0.44,7.02,17.31
CMP-0231,2025-01-25,Spring Refresh,United States,Paid Social,LinkedIn,930.55,82289,1724,54,5399.43,0.021,0.0313,0.54,17.23,5.8
CMP-0246,2025-01-26,New Year Reset,Canada,Email,Email,97.38,56539,1094,94,6743.11,0.0193,0.0859,0.09,1.04,69.25
CMP-0368,2025-01-26,Fall Favorites,Canada,Paid Search,Microsoft Ads,8688.86,437414,16783,474,55016.68,0.0384,0.0282,0.52,18.33,6.33
CMP-0435,2025-01-26,Winter Wellness,United States,Paid Social,TikTok,5056.49,494817,11993,656,65472.17,0.0242,0.0547,0.42,7.71,12.95
CMP-0560,2025-01-26,Back to School,United Kingdom,Display,Programmatic,3415.17,395204,3260,66,5462.37,0.0082,0.0202,1.05,51.75,1.6
CMP-0480,2025-01-27,Holiday Gift Guide,Australia,Paid Social,LinkedIn,2969.33,260950,4147,221,16477.2,0.0159,0.0533,0.72,13.44,5.55
CMP-0449,2025-01-28,Always-On Acquisition,United Kingdom,Paid Search,Microsoft Ads,5030.1,143905,4943,228,22901.07,0.0343,0.0461,1.02,22.06,4.55
CMP-0331,2025-01-29,Holiday Gift Guide,United Kingdom,Paid Social,Instagram,854.64,114566,3197,155,13482.56,0.0279,0.0485,0.27,5.51,15.78
CMP-0097,2025-01-30,Spring Refresh,United States,Email,Email,677.99,203123,6040,446,43708.33,0.0297,0.0738,0.11,1.52,64.47
CMP-0349,2025-01-30,Spring Refresh,United States,Paid Search,Google Ads,9052.77,274217,9693,607,69924.89,0.0353,0.0626,0.93,14.91,7.72
CMP-0016,2025-01-31,Cyber Monday,United States,Paid Search,Google Ads,7873.1,428645,24577,1637,143124.43,0.0573,0.0666,0.32,4.81,18.18
CMP-0640,2025-01-31,Back to School,United States,Email,Email,313.25,208685,4482,408,31450.77,0.0215,0.091,0.07,0.77,100.4
CMP-0001,2025-02-02,Black Friday,United States,Email,Email,114.23,65824,3713,425,38774.86,0.0564,0.1145,0.03,0.27,339.45
CMP-0680,2025-02-02,New Year Reset,United States,Paid Search,Google Ads,5669.03,202693,11237,852,100757.89,0.0554,0.0758,0.5,6.65,17.77
CMP-0153,2025-02-03,Winter Wellness,United States,Paid Social,TikTok,1248.95,113159,2381,131,8200.51,0.021,0.055,0.52,9.53,6.57
CMP-0439,2025-02-03,Holiday Gift Guide,Canada,Email,Email,222.6,134576,4576,358,27864.8,0.034,0.0782,0.05,0.62,125.18
CMP-0664,2025-02-03,Cyber Monday,United States,Paid Social,LinkedIn,4175.04,328014,9413,682,76532.54,0.0287,0.0725,0.44,6.12,18.33
CMP-0021,2025-02-04,New Year Reset,United States,Paid Social,LinkedIn,2442.42,199424,3194,183,18067.99,0.016,0.0573,0.76,13.35,7.4
CMP-0209,2025-02-04,Holiday Gift Guide,Australia,Paid Social,Facebook,739.93,66991,1236,46,4090.31,0.0185,0.0372,0.6,16.09,5.53
CMP-0707,2025-02-04,Winter Wellness,United States,Email,Email,124.54,32992,1087,106,11051.4,0.0329,0.0975,0.11,1.17,88.74
CMP-0711,2025-02-04,Back to School,Canada,Email,Email,340.17,139587,4540,328,30041.55,0.0325,0.0722,0.07,1.04,88.31
CMP-0144,2025-02-05,Fall Favorites,Australia,Display,Programmatic,1205.91,195912,654,20,1032.32,0.0033,0.0306,1.84,60.3,0.86
CMP-0227,2025-02-05,New Year Reset,United States,Affiliate,Affiliate Network,5050.46,442721,7332,417,32471.21,0.0166,0.0569,0.69,12.11,6.43
CMP-0706,2025-02-05,Winter Wellness,United States,Paid Social,Facebook,3650.01,480868,12578,566,48753.24,0.0262,0.045,0.29,6.45,13.36
CMP-0270,2025-02-06,Back to School,United Kingdom,Display,Programmatic,1238.07,149258,653,8,667.58,0.0044,0.0123,1.9,154.76,0.54
CMP-0676,2025-02-06,Black Friday,United Kingdom,Display,Programmatic,1014.56,131860,1197,40,2784.07,0.0091,0.0334,0.85,25.36,2.74
CMP-0539,2025-02-07,New Year Reset,United States,Paid Social,TikTok,2968.33,305027,6231,396,24019.14,0.0204,0.0636,0.48,7.5,8.09
CMP-0547,2025-02-07,New Year Reset,Canada,Affiliate,Affiliate Network,1541.47,137049,2564,144,10685.81,0.0187,0.0562,0.6,10.7,6.93
CMP-0010,2025-02-08,New Year Reset,Canada,Paid Search,Microsoft Ads,2694.31,101604,3178,186,16917.85,0.0313,0.0585,0.85,14.49,6.28
CMP-0399,2025-02-09,Fall Favorites,United States,Display,Google Display,1519.74,283867,1806,52,3891.52,0.0064,0.0288,0.84,29.23,2.56
CMP-0578,2025-02-10,Holiday Gift Guide,United States,Paid Search,Google Ads,5456.67,239444,13233,726,88935.89,0.0553,0.0549,0.41,7.52,16.3
CMP-0375,2025-02-11,Back to School,Canada,Paid Social,Facebook,3648.76,406845,11602,289,28869.77,0.0285,0.0249,0.31,12.63,7.91
CMP-0652,2025-02-11,Always-On Acquisition,Canada,Paid Social,Facebook,1737.85,233252,5192,265,21323.54,0.0223,0.051,0.33,6.56,12.27
CMP-0039,2025-02-12,Black Friday,Australia,Email,Email,399.31,183478,5829,334,39800.22,0.0318,0.0573,0.07,1.2,99.67
CMP-0292,2025-02-12,Black Friday,Australia,Paid Search,Microsoft Ads,5417.44,281026,15420,1479,170428.24,0.0549,0.0959,0.35,3.66,31.46
CMP-0606,2025-02-12,Holiday Gift Guide,United States,Paid Social,LinkedIn,4211.47,391663,9989,528,38452.45,0.0255,0.0529,0.42,7.98,9.13
CMP-0173,2025-02-13,Spring Refresh,United States,Affiliate,Affiliate Network,2634.31,268875,7124,285,20832.67,0.0265,0.04,0.37,9.24,7.91
CMP-0529,2025-02-13,Black Friday,United States,Paid Social,Instagram,1260.54,125082,3219,156,11727.23,0.0257,0.0485,0.39,8.08,9.3
CMP-0685,2025-02-14,Holiday Gift Guide,Canada,Paid Social,Facebook,561.39,49550,966,30,2783.83,0.0195,0.0311,0.58,18.71,4.96
CMP-0110,2025-02-15,Cyber Monday,United States,Email,Email,657.69,180110,5295,369,26983.45,0.0294,0.0697,0.12,1.78,41.03
CMP-0422,2025-02-15,Cyber Monday,Canada,Paid Social,Facebook,3403.32,344349,5933,237,24668.43,0.0172,0.0399,0.57,14.36,7.25
CMP-0737,2025-02-15,New Year Reset,United States,Paid Social,Instagram,919.77,72003,1454,68,4632.57,0.0202,0.0468,0.63,13.53,5.04
CMP-0134,2025-02-16,Fall Favorites,United States,Paid Search,Google Ads,13681.64,405321,22959,1425,144261.85,0.0566,0.0621,0.6,9.6,10.54
CMP-0141,2025-02-16,Winter Wellness,Canada,Email,Email,130.44,57728,2698,186,15472.18,0.0467,0.0689,0.05,0.7,118.62
CMP-0396,2025-02-16,Winter Wellness,United Kingdom,Email,Email,850.85,335218,9144,515,38943.99,0.0273,0.0563,0.09,1.65,45.77
CMP-0172,2025-02-17,Spring Refresh,United States,Paid Search,Google Ads,5123.45,162479,9670,566,48153.8,0.0595,0.0585,0.53,9.05,9.4
CMP-0673,2025-02-17,Back to School,United States,Paid Search,Microsoft Ads,4661.27,234771,13614,889,87015.23,0.058,0.0653,0.34,5.24,18.67
CMP-0024,2025-02-18,Back to School,United Kingdom,Affiliate,Affiliate Network,4195.87,272486,2885,174,12231.31,0.0106,0.0603,1.45,24.11,2.92
CMP-0408,2025-02-18,Winter Wellness,United Kingdom,Email,Email,751.08,202825,8346,610,51073.17,0.0411,0.0731,0.09,1.23,68.0
CMP-0171,2025-02-19,Always-On Acquisition,United States,Paid Search,Google Ads,10282.37,463590,24385,1204,115286.28,0.0526,0.0494,0.42,8.54,11.21
CMP-0037,2025-02-20,Black Friday,United States,Display,Programmatic,714.32,104666,848,30,2763.59,0.0081,0.0354,0.84,23.81,3.87
CMP-0076,2025-02-20,New Year Reset,Australia,Paid Social,Facebook,377.3,44512,596,23,1588.51,0.0134,0.0386,0.63,16.4,4.21
CMP-0507,2025-02-20,New Year Reset,United States,Paid Social,LinkedIn,846.3,86549,2118,80,6219.43,0.0245,0.0378,0.4,10.58,7.35
CMP-0719,2025-02-20,Summer Essentials,United States,Paid Search,Google Ads,4541.52,169464,4600,344,34812.52,0.0271,0.0748,0.99,13.2,7.67
CMP-0170,2025-02-21,Summer Essentials,Canada,Paid Search,Google Ads,2445.73,114697,4498,351,37898.21,0.0392,0.078,0.54,6.97,15.5
CMP-0210,2025-02-21,Spring Refresh,United States,Email,Email,1343.02,372355,14226,1264,83164.81,0.0382,0.0889,0.09,1.06,61.92
CMP-0343,2025-02-21,Summer Essentials,United States,Display,Google Display,220.31,40964,149,4,267.37,0.0036,0.0268,1.48,55.08,1.21
CMP-0374,2025-02-21,Cyber Monday,United States,Display,Google Display,469.82,60013,598,25,2273.35,0.01,0.0418,0.79,18.79,4.84
CMP-0432,2025-02-22,Fall Favorites,United States,Paid Search,Google Ads,12972.46,431586,22409,893,85810.94,0.0519,0.0399,0.58,14.53,6.61
CMP-0749,2025-02-22,Black Friday,Canada,Affiliate,Affiliate Network,2230.39,239218,5155,378,46929.33,0.0215,0.0733,0.43,5.9,21.04
CMP-0337,2025-02-23,Cyber Monday,Canada,Email,Email,502.89,155266,4050,375,38897.53,0.0261,0.0926,0.12,1.34,77.35
CMP-0622,2025-02-23,Fall Favorites,United Kingdom,Paid Search,Google Ads,3571.5,138509,3642,262,19424.84,0.0263,0.0719,0.98,13.63,5.44
CMP-0081,2025-02-24,Cyber Monday,United States,Display,Google Display,1717.42,250863,2201,39,3132.8,0.0088,0.0177,0.78,44.04,1.82
CMP-0090,2025-02-24,Cyber Monday,Australia,Paid Search,Microsoft Ads,6769.99,221175,11695,847,119637.24,0.0529,0.0724,0.58,7.99,17.67
CMP-0428,2025-02-24,Holiday Gift Guide,United Kingdom,Affiliate,Affiliate Network,3104.43,233942,4804,342,23862.77,0.0205,0.0712,0.65,9.08,7.69
CMP-0494,2025-02-24,Spring Refresh,United Kingdom,Paid Search,Google Ads,3406.74,101469,3597,307,34085.27,0.0354,0.0853,0.95,11.1,10.01
CMP-0015,2025-02-25,Always-On Acquisition,United Kingdom,Email,Email,151.74,55854,2221,169,14140.99,0.0398,0.0761,0.07,0.9,93.19
CMP-0078,2025-02-25,New Year Reset,United States,Email,Email,283.19,102220,3694,279,27629.11,0.0361,0.0755,0.08,1.02,97.56
CMP-0212,2025-02-25,Fall Favorites,United States,Paid Social,TikTok,3240.01,350563,8866,140,10182.65,0.0253,0.0158,0.37,23.14,3.14
CMP-0306,2025-02-26,Cyber Monday,United Kingdom,Paid Social,Instagram,1170.46,105409,2632,168,12263.33,0.025,0.0638,0.44,6.97,10.48
CMP-0405,2025-02-26,Always-On Acquisition,United States,Paid Search,Google Ads,12271.99,365802,18165,1772,127872.07,0.0497,0.0976,0.68,6.93,10.42
CMP-0624,2025-02-26,Winter Wellness,United Kingdom,Email,Email,396.87,161076,3505,349,37848.91,0.0218,0.0996,0.11,1.14,95.37
CMP-0651,2025-02-26,Spring Refresh,United States,Paid Search,Microsoft Ads,8797.53,335090,11939,810,97148.42,0.0356,0.0678,0.74,10.86,11.04
CMP-0178,2025-02-27,Always-On Acquisition,United States,Display,Programmatic,2234.34,250118,948,33,2024.95,0.0038,0.0348,2.36,67.71,0.91
CMP-0310,2025-02-27,Always-On Acquisition,United Kingdom,Paid Social,Instagram,4151.74,465299,8719,273,20778.3,0.0187,0.0313,0.48,15.21,5.0
CMP-0392,2025-02-27,Black Friday,United States,Paid Search,Google Ads,3393.05,149286,8120,983,80013.38,0.0544,0.1211,0.42,3.45,23.58
CMP-0478,2025-02-28,Fall Favorites,Australia,Paid Social,Facebook,4345.25,359349,6190,154,8992.04,0.0172,0.0249,0.7,28.22,2.07
CMP-0265,2025-03-01,Always-On Acquisition,Australia,Email,Email,1412.53,458881,19563,1460,88803.2,0.0426,0.0746,0.07,0.97,62.87
CMP-0327,2025-03-01,Holiday Gift Guide,Australia,Paid Search,Microsoft Ads,2678.22,136148,3736,262,30488.47,0.0274,0.0701,0.72,10.22,11.38
CMP-0717,2025-03-01,Fall Favorites,Canada,Paid Social,LinkedIn,1095.01,146419,2470,74,7385.34,0.0169,0.03,0.44,14.8,6.74
CMP-0029,2025-03-02,Back to School,United Kingdom,Paid Search,Microsoft Ads,11119.9,418404,24581,1036,82861.78,0.0587,0.0421,0.45,10.73,7.45
CMP-0102,2025-03-02,Spring Refresh,United States,Paid Social,Instagram,4111.92,460503,11900,510,40256.79,0.0258,0.0429,0.35,8.06,9.79
CMP-0404,2025-03-02,Holiday Gift Guide,United States,Paid Search,Microsoft Ads,2422.36,121752,3838,255,17877.06,0.0315,0.0664,0.63,9.5,7.38
CMP-0338,2025-03-03,Back to School,United States,Paid Search,Google Ads,1506.76,72467,2303,137,12266.46,0.0318,0.0595,0.65,11.0,8.14
CMP-0493,2025-03-03,Cyber Monday,United Kingdom,Paid Search,Google Ads,4848.67,189434,8026,661,68491.13,0.0424,0.0824,0.6,7.34,14.13
CMP-0038,2025-03-04,Spring Refresh,Australia,Paid Social,TikTok,2997.93,398329,10666,500,42602.71,0.0268,0.0469,0.28,6.0,14.21
CMP-0443,2025-03-04,Always-On Acquisition,United States,Paid Search,Microsoft Ads,6204.05,276020,13993,766,87332.42,0.0507,0.0547,0.44,8.1,14.08
CMP-0485,2025-03-04,Winter Wellness,United States,Paid Social,Instagram,250.39,25439,316,20,1926.56,0.0124,0.0633,0.79,12.52,7.69
CMP-0055,2025-03-05,Spring Refresh,United States,Paid Search,Microsoft Ads,9196.21,263329,13284,1086,118153.92,0.0504,0.0818,0.69,8.47,12.85
CMP-0610,2025-03-05,Summer Essentials,United States,Paid Social,TikTok,1892.92,183836,2770,130,8310.87,0.0151,0.0469,0.68,14.56,4.39
CMP-0278,2025-03-06,Back to School,Canada,Display,Google Display,2073.31,240113,1589,21,1239.65,0.0066,0.0132,1.3,98.73,0.6
CMP-0690,2025-03-06,Holiday Gift Guide,United Kingdom,Paid Search,Google Ads,5983.35,170993,6103,325,24418.56,0.0357,0.0533,0.98,18.41,4.08
CMP-0204,2025-03-07,New Year Reset,United States,Paid Search,Google Ads,4654.7,221617,12747,702,85030.81,0.0575,0.0551,0.37,6.63,18.27
CMP-0505,2025-03-07,Winter Wellness,Canada,Paid Social,Facebook,1672.93,216201,3574,133,8960.47,0.0165,0.0372,0.47,12.58,5.36
CMP-0419,2025-03-09,Always-On Acquisition,Australia,Paid Social,Instagram,2334.24,226855,3999,101,8833.17,0.0176,0.0253,0.58,23.11,3.78
CMP-0441,2025-03-09,Summer Essentials,United States,Paid Social,Instagram,5096.52,416501,10218,347,19596.5,0.0245,0.034,0.5,14.69,3.85
CMP-0656,2025-03-09,New Year Reset,Canada,Paid Social,Instagram,374.43,38333,664,16,905.48,0.0173,0.0241,0.56,23.4,2.42
CMP-0440,2025-03-11,New Year Reset,United States,Paid Search,Google Ads,1944.59,65823,1947,158,12639.23,0.0296,0.0812,1.0,12.31,6.5
CMP-0486,2025-03-12,Spring Refresh,United States,Paid Search,Google Ads,13483.83,426097,11781,788,92869.93,0.0276,0.0669,1.14,17.11,6.89
CMP-0750,2025-03-12,Summer Essentials,United States,Paid Search,Microsoft Ads,6517.23,245343,11223,894,62861.79,0.0457,0.0797,0.58,7.29,9.65
CMP-0497,2025-03-13,Holiday Gift Guide,United States,Affiliate,Affiliate Network,5946.39,494984,10607,645,56063.63,0.0214,0.0608,0.56,9.22,9.43
CMP-0045,2025-03-14,Cyber Monday,Canada,Paid Social,TikTok,1187.46,161705,5256,340,33286.99,0.0325,0.0647,0.23,3.49,28.03
CMP-0527,2025-03-14,Spring Refresh,United States,Paid Search,Google Ads,7866.84,224888,7822,412,51052.34,0.0348,0.0527,1.01,19.09,6.49
CMP-0639,2025-03-14,New Year Reset,United States,Paid Search,Google Ads,7789.57,317875,11637,775,86758.85,0.0366,0.0666,0.67,10.05,11.14
CMP-0184,2025-03-15,Spring Refresh,Australia,Affiliate,Affiliate Network,5188.67,486865,6215,215,15266.19,0.0128,0.0346,0.83,24.13,2.94
CMP-0416,2025-03-15,Fall Favorites,United Kingdom,Paid Social,Facebook,217.39,29255,496,29,2873.41,0.017,0.0585,0.44,7.5,13.22
CMP-0202,2025-03-16,Always-On Acquisition,United States,Paid Social,Facebook,3404.29,373553,9778,434,36447.5,0.0262,0.0444,0.35,7.84,10.71
CMP-0570,2025-03-16,Back to School,Canada,Paid Search,Google Ads,9576.45,374443,9550,694,55242.66,0.0255,0.0727,1.0,13.8,5.77
CMP-0660,2025-03-16,New Year Reset,Canada,Paid Search,Microsoft Ads,864.51,41834,2449,109,11777.7,0.0585,0.0445,0.35,7.93,13.62
CMP-0668,2025-03-16,Summer Essentials,Canada,Paid Social,TikTok,988.55,114226,1838,33,2288.51,0.0161,0.018,0.54,29.96,2.32
CMP-0057,2025-03-18,Cyber Monday,United States,Paid Search,Microsoft Ads,8236.1,425400,21649,1795,170214.62,0.0509,0.0829,0.38,4.59,20.67
CMP-0413,2025-03-18,Holiday Gift Guide,Canada,Paid Social,LinkedIn,608.99,47083,1490,54,3736.75,0.0316,0.0362,0.41,11.28,6.14
CMP-0683,2025-03-18,Winter Wellness,Australia,Paid Social,Facebook,1550.09,153816,2064,110,9537.96,0.0134,0.0533,0.75,14.09,6.15
CMP-0742,2025-03-19,Spring Refresh,United States,Paid Social,Facebook,2641.23,252926,8244,441,29483.95,0.0326,0.0535,0.32,5.99,11.16
CMP-0481,2025-03-20,Winter Wellness,United States,Paid Search,Google Ads,10813.75,320966,19571,1614,141548.78,0.061,0.0825,0.55,6.7,13.09
CMP-0151,2025-03-21,Summer Essentials,United States,Paid Social,Instagram,1192.36,95582,2374,83,6872.44,0.0248,0.035,0.5,14.37,5.76
CMP-0442,2025-03-21,Back to School,Canada,Paid Social,TikTok,2699.02,290035,9326,420,37898.94,0.0322,0.045,0.29,6.43,14.04
CMP-0564,2025-03-21,Back to School,Australia,Paid Search,Google Ads,8070.74,233041,9506,518,45154.01,0.0408,0.0545,0.85,15.58,5.59
CMP-0071,2025-03-22,Back to School,United States,Paid Search,Google Ads,1219.66,56904,1446,114,10132.44,0.0254,0.0788,0.84,10.7,8.31
CMP-0126,2025-03-22,Summer Essentials,Canada,Paid Social,LinkedIn,2938.74,276995,6175,230,21205.43,0.0223,0.0372,0.48,12.78,7.22
CMP-0303,2025-03-22,Holiday Gift Guide,Australia,Paid Social,TikTok,1736.7,211172,5489,189,18315.22,0.026,0.0344,0.32,9.19,10.55
CMP-0500,2025-03-22,Fall Favorites,Australia,Email,Email,345.15,102297,2610,87,9375.91,0.0255,0.0333,0.13,3.97,27.16
CMP-0297,2025-03-23,Always-On Acquisition,United States,Paid Search,Microsoft Ads,9895.15,315353,12537,720,58693.32,0.0398,0.0574,0.79,13.74,5.93
CMP-0289,2025-03-24,Fall Favorites,United Kingdom,Display,Programmatic,1718.97,381772,2077,70,5390.96,0.0054,0.0337,0.83,24.56,3.14
CMP-0023,2025-03-25,Black Friday,United States,Email,Email,989.94,301030,12991,1023,89490.78,0.0432,0.0787,0.08,0.97,90.4
CMP-0116,2025-03-27,Winter Wellness,Canada,Paid Social,Instagram,2731.89,210280,3263,122,10111.98,0.0155,0.0374,0.84,22.39,3.7
CMP-0411,2025-03-27,Fall Favorites,United States,Paid Search,Google Ads,3578.29,150186,7164,174,14006.77,0.0477,0.0243,0.5,20.56,3.91
CMP-0474,2025-03-27,Fall Favorites,United States,Display,Programmatic,1054.21,223958,1307,18,1255.3,0.0058,0.0138,0.81,58.57,1.19
CMP-0476,2025-03-27,New Year Reset,United Kingdom,Paid Social,Instagram,4408.06,379400,10044,498,49579.16,0.0265,0.0496,0.44,8.85,11.25
CMP-0537,2025-03-27,New Year Reset,United States,Email,Email,1057.75,363813,12116,842,85671.16,0.0333,0.0695,0.09,1.26,80.99
CMP-0254,2025-03-28,Black Friday,United States,Affiliate,Affiliate Network,5363.87,388528,4554,404,49771.32,0.0117,0.0887,1.18,13.28,9.28
CMP-0418,2025-03-28,Always-On Acquisition,United States,Paid Search,Microsoft Ads,7773.35,294221,8442,655,55352.89,0.0287,0.0776,0.92,11.87,7.12
CMP-0601,2025-03-28,Black Friday,United Kingdom,Email,Email,546.65,170820,3627,492,56278.6,0.0212,0.1356,0.15,1.11,102.95
CMP-0724,2025-03-28,Holiday Gift Guide,United Kingdom,Display,Google Display,3212.38,381123,2399,44,3246.44,0.0063,0.0183,1.34,73.01,1.01
CMP-0011,2025-03-29,Summer Essentials,United Kingdom,Paid Search,Microsoft Ads,1333.07,66633,4164,216,24371.56,0.0625,0.0519,0.32,6.17,18.28
CMP-0138,2025-03-29,Back to School,United States,Paid Social,TikTok,3581.67,398659,12580,619,41575.37,0.0316,0.0492,0.28,5.79,11.61
CMP-0080,2025-03-30,Back to School,United States,Display,Google Display,491.03,115894,524,7,402.73,0.0045,0.0134,0.94,70.15,0.82
CMP-0082,2025-03-30,Cyber Monday,Canada,Paid Social,LinkedIn,1391.17,143025,3988,191,15491.16,0.0279,0.0479,0.35,7.28,11.14
CMP-0044,2025-03-31,Spring Refresh,United States,Email,Email,1544.5,408966,16268,810,50692.15,0.0398,0.0498,0.09,1.91,32.82
CMP-0321,2025-03-31,Summer Essentials,Australia,Email,Email,108.27,32722,1757,100,9044.04,0.0537,0.0569,0.06,1.08,83.53
CMP-0473,2025-03-31,New Year Reset,Canada,Display,Programmatic,2863.41,423971,4089,103,7133.7,0.0096,0.0252,0.7,27.8,2.49
CMP-0528,2025-03-31,Cyber Monday,United States,Paid Search,Google Ads,12480.54,391412,13655,1318,103531.54,0.0349,0.0965,0.91,9.47,8.3
CMP-0542,2025-03-31,Holiday Gift Guide,United States,Email,Email,513.09,181549,9425,813,76487.48,0.0519,0.0863,0.05,0.63,149.07
CMP-0253,2025-04-01,Winter Wellness,United Kingdom,Paid Social,TikTok,2136.07,210123,3043,89,5687.91,0.0145,0.0292,0.7,24.0,2.66
CMP-0603,2025-04-01,Always-On Acquisition,Canada,Affiliate,Affiliate Network,4696.48,415385,7264,335,34275.08,0.0175,0.0461,0.65,14.02,7.3
CMP-0621,2025-04-01,Always-On Acquisition,United Kingdom,Paid Search,Microsoft Ads,12893.53,404516,10239,438,46738.36,0.0253,0.0428,1.26,29.44,3.62
CMP-0088,2025-04-03,Spring Refresh,Australia,Paid Search,Microsoft Ads,8450.51,464008,24607,1337,100507.58,0.053,0.0543,0.34,6.32,11.89
CMP-0407,2025-04-03,Always-On Acquisition,United States,Paid Search,Microsoft Ads,9338.58,439063,13833,1144,113449.31,0.0315,0.0827,0.68,8.16,12.15
CMP-0326,2025-04-04,Black Friday,United States,Paid Social,TikTok,3005.95,334207,6508,271,23002.93,0.0195,0.0416,0.46,11.09,7.65
CMP-0551,2025-04-04,New Year Reset,United States,Email,Email,234.12,85885,4868,484,49844.98,0.0567,0.0994,0.05,0.48,212.9
CMP-0693,2025-04-04,Always-On Acquisition,United States,Email,Email,308.55,141321,2807,141,14874.04,0.0199,0.0502,0.11,2.19,48.21
CMP-0182,2025-04-05,Back to School,United States,Paid Social,LinkedIn,2787.72,218626,6328,355,28017.52,0.0289,0.0561,0.44,7.85,10.05
CMP-0230,2025-04-05,New Year Reset,United Kingdom,Email,Email,85.69,30818,918,47,5022.07,0.0298,0.0512,0.09,1.82,58.61
CMP-0678,2025-04-05,Back to School,United States,Paid Search,Microsoft Ads,9968.62,384752,22115,2157,256397.64,0.0575,0.0975,0.45,4.62,25.72
CMP-0012,2025-04-06,Black Friday,United States,Paid Social,Instagram,878.84,70785,1515,77,5712.76,0.0214,0.0508,0.58,11.41,6.5
CMP-0269,2025-04-06,Holiday Gift Guide,United States,Paid Social,TikTok,4042.67,369870,11907,583,51767.71,0.0322,0.049,0.34,6.93,12.81
CMP-0223,2025-04-07,Summer Essentials,United States,Paid Search,Google Ads,5314.58,223648,7622,221,27513.29,0.0341,0.029,0.7,24.05,5.18
CMP-0220,2025-04-08,Spring Refresh,Australia,Paid Search,Microsoft Ads,1149.15,43515,1223,85,6561.26,0.0281,0.0695,0.94,13.52,5.71
CMP-0663,2025-04-08,Fall Favorites,United States,Display,Programmatic,1258.4,205047,1167,36,3104.05,0.0057,0.0308,1.08,34.96,2.47
CMP-0341,2025-04-10,Fall Favorites,United States,Paid Social,Instagram,2642.75,355655,7959,185,18096.59,0.0224,0.0232,0.33,14.29,6.85
CMP-0410,2025-04-10,Always-On Acquisition,United States,Paid Search,Google Ads,8980.9,279892,8905,652,66657.88,0.0318,0.0732,1.01,13.77,7.42
CMP-0692,2025-04-10,Fall Favorites,United States,Display,Google Display,1444.97,220690,952,15,1260.99,0.0043,0.0158,1.52,96.33,0.87
CMP-0740,2025-04-10,New Year Reset,United Kingdom,Paid Social,TikTok,3213.58,315708,9514,313,31207.96,0.0301,0.0329,0.34,10.27,9.71
CMP-0200,2025-04-11,Winter Wellness,United Kingdom,Paid Search,Google Ads,6641.93,345564,19502,790,63060.35,0.0564,0.0405,0.34,8.41,9.49
CMP-0302,2025-04-11,Summer Essentials,United States,Paid Search,Microsoft Ads,3354.81,182209,9896,350,36389.96,0.0543,0.0354,0.34,9.59,10.85
CMP-0003,2025-04-12,Holiday Gift Guide,Canada,Paid Search,Google Ads,16129.69,486082,24153,1437,104052.03,0.0497,0.0595,0.67,11.22,6.45
CMP-0111,2025-04-13,Holiday Gift Guide,Australia,Paid Social,LinkedIn,3166.22,282488,9749,297,24694.52,0.0345,0.0305,0.32,10.66,7.8
CMP-0142,2025-04-14,Back to School,United States,Display,Programmatic,560.11,78960,263,6,351.44,0.0033,0.0228,2.13,93.35,0.63
CMP-0708,2025-04-14,Back to School,United States,Paid Social,Facebook,3809.58,305764,8189,427,39473.19,0.0268,0.0521,0.47,8.92,10.36
CMP-0025,2025-04-15,Black Friday,United States,Affiliate,Affiliate Network,1170.36,91661,2754,218,15317.81,0.03,0.0792,0.42,5.37,13.09
CMP-0556,2025-04-15,Holiday Gift Guide,United States,Paid Search,Microsoft Ads,1479.09,44014,1679,81,8495.29,0.0381,0.0482,0.88,18.26,5.74
CMP-0026,2025-04-16,Cyber Monday,Canada,Paid Social,Facebook,2947.43,277116,9002,415,35327.07,0.0325,0.0461,0.33,7.1,11.99
CMP-0296,2025-04-16,Spring Refresh,Canada,Display,Google Display,540.83,86449,651,16,1211.63,0.0075,0.0246,0.83,33.8,2.24
CMP-0644,2025-04-16,Black Friday,United States,Paid Social,LinkedIn,1711.27,225696,4681,178,17367.58,0.0207,0.038,0.37,9.61,10.15
CMP-0525,2025-04-17,Summer Essentials,Australia,Display,Programmatic,1258.13,178559,1199,12,1008.79,0.0067,0.01,1.05,104.84,0.8
CMP-0429,2025-04-18,Always-On Acquisition,Canada,Affiliate,Affiliate Network,4412.4,363201,6281,388,34926.12,0.0173,0.0618,0.7,11.37,7.92
CMP-0534,2025-04-18,Cyber Monday,United Kingdom,Email,Email,312.25,161839,6976,793,96133.59,0.0431,0.1137,0.04,0.39,307.87
CMP-0642,2025-04-18,Spring Refresh,United States,Paid Social,Facebook,3904.81,479523,7706,268,16629.9,0.0161,0.0348,0.51,14.57,4.26
CMP-0221,2025-04-19,Cyber Monday,Australia,Paid Search,Google Ads,10920.1,362421,21105,1170,125126.76,0.0582,0.0554,0.52,9.33,11.46
CMP-0129,2025-04-20,Holiday Gift Guide,United States,Paid Social,Facebook,1176.01,123318,1863,112,7774.8,0.0151,0.0601,0.63,10.5,6.61
CMP-0197,2025-04-21,Always-On Acquisition,United States,Paid Search,Google Ads,1682.76,63277,2948,251,22174.66,0.0466,0.0851,0.57,6.7,13.18
CMP-0329,2025-04-21,New Year Reset,Canada,Paid Social,TikTok,1958.68,184935,3500,103,7202.66,0.0189,0.0294,0.56,19.02,3.68
CMP-0340,2025-04-21,Back to School,Australia,Paid Search,Google Ads,4043.9,153687,4239,171,14873.78,0.0276,0.0403,0.95,23.65,3.68
CMP-0741,2025-04-21,Summer Essentials,Australia,Email,Email,287.42,79900,3642,261,25391.2,0.0456,0.0717,0.08,1.1,88.34
CMP-0186,2025-04-23,Holiday Gift Guide,United Kingdom,Display,Google Display,1361.02,237512,1621,49,2960.98,0.0068,0.0302,0.84,27.78,2.18
CMP-0241,2025-04-23,Always-On Acquisition,Australia,Email,Email,995.31,371510,13609,769,66199.91,0.0366,0.0565,0.07,1.29,66.51
CMP-0286,2025-04-23,Winter Wellness,United States,Affiliate,Affiliate Network,4695.73,451944,9283,468,41184.88,0.0205,0.0504,0.51,10.03,8.77
CMP-0599,2025-04-23,New Year Reset,Australia,Email,Email,1228.48,392951,13094,723,53339.72,0.0333,0.0552,0.09,1.7,43.42
CMP-0427,2025-04-24,Holiday Gift Guide,United States,Email,Email,393.49,109613,2776,191,17104.79,0.0253,0.0688,0.14,2.06,43.47
CMP-0225,2025-04-25,Black Friday,United States,Affiliate,Affiliate Network,3572.28,408040,12721,712,55358.84,0.0312,0.056,0.28,5.02,15.5
CMP-0279,2025-04-25,Cyber Monday,United States,Paid Search,Microsoft Ads,3738.56,141841,8023,496,54214.32,0.0566,0.0618,0.47,7.54,14.5
CMP-0670,2025-04-25,Spring Refresh,United States,Paid Search,Google Ads,3560.89,117474,6571,523,42703.42,0.0559,0.0796,0.54,6.81,11.99
CMP-0084,2025-04-26,Holiday Gift Guide,Canada,Display,Programmatic,3526.45,417327,3274,47,3653.02,0.0078,0.0144,1.08,75.03,1.04
CMP-0085,2025-04-26,New Year Reset,United Kingdom,Affiliate,Affiliate Network,860.62,107148,1194,69,4922.84,0.0111,0.0578,0.72,12.47,5.72
CMP-0150,2025-04-26,Winter Wellness,United States,Affiliate,Affiliate Network,5016.23,413674,12789,625,42159.93,0.0309,0.0489,0.39,8.03,8.4
CMP-0315,2025-04-26,Cyber Monday,Canada,Display,Programmatic,1187.07,157338,1696,37,2824.41,0.0108,0.0218,0.7,32.08,2.38
CMP-0495,2025-04-26,Black Friday,United States,Paid Social,TikTok,1352.88,163854,2942,132,8347.23,0.018,0.0449,0.46,10.25,6.17
CMP-0732,2025-04-26,Always-On Acquisition,United States,Affiliate,Affiliate Network,1042.05,85772,2345,166,14038.5,0.0273,0.0708,0.44,6.28,13.47
CMP-0028,2025-04-27,Summer Essentials,United States,Affiliate,Affiliate Network,3179.08,309316,3794,73,4939.84,0.0123,0.0192,0.84,43.55,1.55
CMP-0030,2025-04-27,Cyber Monday,United States,Paid Search,Google Ads,8960.91,475700,18181,1224,106008.32,0.0382,0.0673,0.49,7.32,11.83
CMP-0501,2025-04-27,Fall Favorites,United States,Paid Social,Facebook,2858.67,237118,6908,138,12649.75,0.0291,0.02,0.41,20.71,4.43
CMP-0136,2025-04-28,Cyber Monday,United Kingdom,Email,Email,272.03,126906,6635,680,50757.07,0.0523,0.1025,0.04,0.4,186.59
CMP-0196,2025-04-28,Spring Refresh,United Kingdom,Email,Email,342.64,131807,7740,734,73343.05,0.0587,0.0948,0.04,0.47,214.05
CMP-0308,2025-04-28,Holiday Gift Guide,United States,Paid Social,Facebook,3579.71,280846,8523,489,30150.57,0.0303,0.0574,0.42,7.32,8.42
CMP-0510,2025-04-28,Summer Essentials,United States,Paid Social,LinkedIn,3275.01,308498,6468,242,17598.86,0.021,0.0374,0.51,13.53,5.37
CMP-0121,2025-04-29,Winter Wellness,United Kingdom,Paid Social,TikTok,350.74,50083,1152,30,2530.55,0.023,0.026,0.3,11.69,7.21
CMP-0342,2025-04-29,Winter Wellness,Australia,Paid Search,Google Ads,9916.34,329789,17209,993,98639.38,0.0522,0.0577,0.58,9.99,9.95
CMP-0412,2025-04-29,Holiday Gift Guide,United States,Affiliate,Affiliate Network,1553.19,177933,4735,270,30496.86,0.0266,0.057,0.33,5.75,19.63
CMP-0123,2025-04-30,Black Friday,United Kingdom,Email,Email,881.56,364319,9610,978,67691.66,0.0264,0.1018,0.09,0.9,76.79
CMP-0188,2025-05-01,Black Friday,United Kingdom,Affiliate,Affiliate Network,1325.01,127895,2642,197,21517.62,0.0207,0.0746,0.5,6.73,16.24
CMP-0190,2025-05-01,Back to School,Canada,Paid Social,LinkedIn,4306.49,419132,12305,491,40697.7,0.0294,0.0399,0.35,8.77,9.45
CMP-0729,2025-05-02,Winter Wellness,United Kingdom,Paid Search,Microsoft Ads,1947.37,70551,2930,204,20645.77,0.0415,0.0696,0.66,9.55,10.6
CMP-0192,2025-05-03,Back to School,United States,Affiliate,Affiliate Network,2538.73,268732,3603,138,11950.43,0.0134,0.0383,0.7,18.4,4.71
CMP-0240,2025-05-04,Winter Wellness,Canada,Display,Programmatic,697.72,126960,441,5,250.97,0.0035,0.0113,1.58,139.54,0.36
CMP-0430,2025-05-04,Black Friday,United States,Paid Search,Google Ads,10204.04,435963,19596,2362,258352.03,0.0449,0.1205,0.52,4.32,25.32
CMP-0168,2025-05-05,Always-On Acquisition,United States,Paid Search,Microsoft Ads,5139.29,230445,12541,812,94136.72,0.0544,0.0647,0.41,6.33,18.32
CMP-0130,2025-05-06,Summer Essentials,United States,Paid Search,Google Ads,4278.96,150783,5155,233,17787.91,0.0342,0.0452,0.83,18.36,4.16
CMP-0415,2025-05-06,Always-On Acquisition,United States,Paid Social,TikTok,2361.49,322227,4894,257,15145.08,0.0152,0.0525,0.48,9.19,6.41
CMP-0533,2025-05-06,Holiday Gift Guide,Canada,Paid Search,Microsoft Ads,7611.27,413935,20252,1190,94080.02,0.0489,0.0588,0.38,6.4,12.36
CMP-0568,2025-05-09,Always-On Acquisition,Canada,Affiliate,Affiliate Network,6103.77,476559,8096,466,40237.51,0.017,0.0576,0.75,13.1,6.59
CMP-0653,2025-05-09,Always-On Acquisition,United States,Paid Social,TikTok,836.63,104549,1576,101,8355.89,0.0151,0.0641,0.53,8.28,9.99
CMP-0448,2025-05-10,Always-On Acquisition,United States,Paid Social,TikTok,1241.01,117750,3549,158,12879.84,0.0301,0.0445,0.35,7.85,10.38
CMP-0720,2025-05-10,Summer Essentials,United States,Paid Social,Facebook,1604.77,224245,4508,87,6342.29,0.0201,0.0193,0.36,18.45,3.95
CMP-0395,2025-05-11,Fall Favorites,Australia,Affiliate,Affiliate Network,2974.91,275658,6311,133,12384.49,0.0229,0.0211,0.47,22.37,4.16
CMP-0744,2025-05-11,New Year Reset,United Kingdom,Paid Search,Google Ads,3799.58,185303,10991,812,80570.04,0.0593,0.0739,0.35,4.68,21.2
CMP-0667,2025-05-12,Summer Essentials,Canada,Paid Social,LinkedIn,2898.3,330233,10259,397,37413.1,0.0311,0.0387,0.28,7.3,12.91
CMP-0709,2025-05-12,Back to School,Canada,Paid Search,Google Ads,5318.13,190540,8462,523,47689.47,0.0444,0.0618,0.63,10.17,8.97
CMP-0479,2025-05-13,Holiday Gift Guide,Canada,Email,Email,1371.76,347004,15751,1078,113876.52,0.0454,0.0684,0.09,1.27,83.01
CMP-0577,2025-05-13,Holiday Gift Guide,United States,Paid Social,TikTok,2506.75,194523,2968,98,7904.55,0.0153,0.033,0.84,25.58,3.15
CMP-0215,2025-05-14,Back to School,United Kingdom,Paid Social,LinkedIn,2387.88,184736,2268,123,8557.79,0.0123,0.0542,1.05,19.41,3.58
CMP-0569,2025-05-15,Black Friday,United States,Email,Email,971.3,251640,6022,804,93064.33,0.0239,0.1335,0.16,1.21,95.81
CMP-0701,2025-05-15,Back to School,United States,Paid Search,Google Ads,2527.61,83501,3556,278,34432.43,0.0426,0.0782,0.71,9.09,13.62
CMP-0417,2025-05-16,Fall Favorites,United States,Paid Social,Facebook,202.07,28522,401,10,710.7,0.0141,0.0249,0.5,20.21,3.52
CMP-0464,2025-05-16,Spring Refresh,Australia,Affiliate,Affiliate Network,1548.85,174477,3279,161,14930.49,0.0188,0.0491,0.47,9.62,9.64
CMP-0595,2025-05-16,Cyber Monday,United States,Paid Social,Instagram,5961.78,482648,11101,727,70545.93,0.023,0.0655,0.54,8.2,11.83
CMP-0067,2025-05-17,New Year Reset,Canada,Email,Email,707.52,436092,12541,1086,65404.36,0.0288,0.0866,0.06,0.65,92.44
CMP-0228,2025-05-17,Fall Favorites,United States,Paid Search,Microsoft Ads,7351.96,293750,15199,1479,182238.85,0.0517,0.0973,0.48,4.97,24.79
CMP-0350,2025-05-17,Winter Wellness,United States,Paid Search,Google Ads,10848.87,344147,16393,1075,77193.3,0.0476,0.0656,0.66,10.09,7.12
CMP-0143,2025-05-18,Back to School,United States,Paid Search,Google Ads,3861.34,113221,4654,454,33795.96,0.0411,0.0976,0.83,8.51,8.75
CMP-0267,2025-05-18,Cyber Monday,United Kingdom,Paid Search,Google Ads,987.23,47146,1649,141,17723.19,0.035,0.0855,0.6,7.0,17.95
CMP-0317,2025-05-18,New Year Reset,United States,Paid Social,Instagram,5540.19,493049,11898,411,34359.34,0.0241,0.0345,0.47,13.48,6.2
CMP-0185,2025-05-19,New Year Reset,Australia,Paid Social,Instagram,1052.28,87957,2327,98,9280.39,0.0265,0.0421,0.45,10.74,8.82
CMP-0728,2025-05-19,Winter Wellness,United Kingdom,Display,Google Display,1369.4,251680,1957,64,4113.39,0.0078,0.0327,0.7,21.4,3.0
CMP-0160,2025-05-20,Winter Wellness,United Kingdom,Display,Google Display,372.92,58217,607,18,1222.73,0.0104,0.0297,0.61,20.72,3.28
CMP-0224,2025-05-21,Summer Essentials,United Kingdom,Paid Search,Microsoft Ads,14591.53,468323,25578,2168,243202.24,0.0546,0.0848,0.57,6.73,16.67
CMP-0282,2025-05-22,Summer Essentials,Australia,Affiliate,Affiliate Network,2430.67,260608,6363,290,28836.91,0.0244,0.0456,0.38,8.38,11.86
CMP-0565,2025-05-22,Spring Refresh,United Kingdom,Paid Social,Facebook,2219.68,270454,5316,235,20637.88,0.0197,0.0442,0.42,9.45,9.3
CMP-0058,2025-05-24,Always-On Acquisition,United States,Paid Social,Instagram,1234.2,117334,2556,94,8738.38,0.0218,0.0368,0.48,13.13,7.08
CMP-0101,2025-05-24,Fall Favorites,United States,Paid Social,Facebook,1076.71,84690,2096,70,4504.31,0.0247,0.0334,0.51,15.38,4.18
CMP-0657,2025-05-24,Black Friday,United States,Display,Google Display,1637.94,381213,3644,98,9285.44,0.0096,0.0269,0.45,16.71,5.67
CMP-0665,2025-05-24,Back to School,United States,Paid Search,Google Ads,6154.94,180884,7703,486,51111.35,0.0426,0.0631,0.8,12.66,8.3
CMP-0704,2025-05-24,Back to School,United States,Paid Search,Google Ads,3903.16,209986,7564,573,65516.37,0.036,0.0758,0.52,6.81,16.79
CMP-0548,2025-05-25,Winter Wellness,United States,Paid Search,Google Ads,2089.07,90886,3121,216,22878.4,0.0343,0.0692,0.67,9.67,10.95
CMP-0574,2025-05-25,Summer Essentials,United States,Affiliate,Affiliate Network,2236.0,148629,1885,134,13153.69,0.0127,0.0711,1.19,16.69,5.88
CMP-0650,2025-05-25,Summer Essentials,United Kingdom,Paid Social,Facebook,1592.61,156133,4158,167,10808.08,0.0266,0.0402,0.38,9.54,6.79
CMP-0174,2025-05-27,Black Friday,Canada,Paid Social,TikTok,2560.97,211546,6375,219,17209.6,0.0301,0.0344,0.4,11.69,6.72
CMP-0109,2025-05-28,Back to School,United States,Paid Search,Google Ads,2890.96,147805,7326,589,41870.33,0.0496,0.0804,0.39,4.91,14.48
CMP-0285,2025-05-28,New Year Reset,United Kingdom,Paid Search,Microsoft Ads,9821.17,408538,15226,1173,132735.5,0.0373,0.077,0.65,8.37,13.52
CMP-0436,2025-05-28,Spring Refresh,Canada,Paid Search,Google Ads,6576.32,189195,9638,691,53211.31,0.0509,0.0717,0.68,9.52,8.09
CMP-0546,2025-05-28,Back to School,United Kingdom,Paid Social,Instagram,2287.5,231456,4834,121,7705.75,0.0209,0.025,0.47,18.9,3.37
CMP-0632,2025-05-28,Back to School,United States,Email,Email,1171.15,415046,13701,757,55494.22,0.033,0.0553,0.09,1.55,47.38
CMP-0635,2025-05-28,Black Friday,United States,Paid Social,Instagram,1338.92,183361,2140,160,14685.38,0.0117,0.0748,0.63,8.37,10.97
CMP-0487,2025-05-29,Cyber Monday,United States,Paid Search,Google Ads,2935.12,98945,5606,352,38135.4,0.0567,0.0628,0.52,8.34,12.99
CMP-0218,2025-05-31,Cyber Monday,United States,Paid Search,Microsoft Ads,10349.08,488851,16074,1264,146236.15,0.0329,0.0786,0.64,8.19,14.13
CMP-0031,2025-06-01,Holiday Gift Guide,Canada,Affiliate,Affiliate Network,1141.47,72078,1960,111,11538.43,0.0272,0.0566,0.58,10.28,10.11
CMP-0467,2025-06-01,Cyber Monday,Australia,Paid Social,Instagram,247.04,34108,817,38,4192.37,0.024,0.0465,0.3,6.5,16.97
CMP-0649,2025-06-01,Back to School,United States,Display,Google Display,1139.38,209078,724,10,799.99,0.0035,0.0138,1.57,113.94,0.7
CMP-0726,2025-06-01,Black Friday,United Kingdom,Display,Programmatic,2492.76,330880,3726,61,5371.06,0.0113,0.0164,0.67,40.86,2.15
CMP-0249,2025-06-02,Black Friday,United States,Paid Social,Facebook,4329.69,407972,6341,461,29939.98,0.0155,0.0727,0.68,9.39,6.92
CMP-0264,2025-06-03,New Year Reset,United Kingdom,Paid Social,Instagram,1992.44,191952,4007,228,14089.19,0.0209,0.0569,0.5,8.74,7.07
CMP-0426,2025-06-03,Winter Wellness,United States,Display,Google Display,507.34,75714,861,24,1270.32,0.0114,0.0279,0.59,21.14,2.5
CMP-0671,2025-06-03,New Year Reset,Canada,Paid Search,Google Ads,12856.88,474724,14368,677,80083.42,0.0303,0.0471,0.89,18.99,6.23
CMP-0041,2025-06-04,Winter Wellness,Canada,Display,Google Display,575.52,82912,701,14,1162.22,0.0085,0.02,0.82,41.11,2.02
CMP-0187,2025-06-04,Winter Wellness,United States,Email,Email,1132.74,352316,16417,1572,118502.51,0.0466,0.0958,0.07,0.72,104.62
CMP-0070,2025-06-05,Cyber Monday,Australia,Paid Social,LinkedIn,1711.0,218772,5957,344,29675.1,0.0272,0.0577,0.29,4.97,17.34
CMP-0433,2025-06-05,Spring Refresh,United States,Display,Programmatic,1408.16,231667,1223,29,1999.82,0.0053,0.0237,1.15,48.56,1.42
CMP-0145,2025-06-06,Spring Refresh,United States,Affiliate,Affiliate Network,3012.05,360254,10904,476,32363.82,0.0303,0.0437,0.28,6.33,10.74
CMP-0367,2025-06-06,Cyber Monday,United Kingdom,Paid Social,TikTok,5403.23,480560,17944,1373,121749.67,0.0373,0.0765,0.3,3.94,22.53
CMP-0655,2025-06-06,Always-On Acquisition,United States,Affiliate,Affiliate Network,2313.62,254042,2908,169,18069.18,0.0114,0.0581,0.8,13.69,7.81
CMP-0739,2025-06-06,Summer Essentials,United States,Paid Social,Facebook,428.39,58119,1260,69,5120.88,0.0217,0.0548,0.34,6.21,11.95
CMP-0042,2025-06-07,Spring Refresh,United States,Paid Search,Google Ads,5661.02,168415,8266,816,96578.5,0.0491,0.0987,0.68,6.94,17.06
CMP-0033,2025-06-08,Back to School,United States,Paid Social,Facebook,1835.7,199568,3822,206,14082.04,0.0192,0.0539,0.48,8.91,7.67
CMP-0403,2025-06-08,New Year Reset,United States,Paid Social,LinkedIn,3136.06,346057,11378,559,37219.58,0.0329,0.0491,0.28,5.61,11.87
CMP-0592,2025-06-08,Black Friday,Canada,Paid Social,LinkedIn,3774.87,396887,4925,164,15410.67,0.0124,0.0333,0.77,23.02,4.08
CMP-0689,2025-06-08,Summer Essentials,United Kingdom,Display,Programmatic,888.15,138880,679,23,1622.6,0.0049,0.0339,1.31,38.62,1.83
CMP-0377,2025-06-09,Spring Refresh,United States,Paid Social,Instagram,1743.89,194521,5403,273,23547.34,0.0278,0.0505,0.32,6.39,13.5
CMP-0503,2025-06-09,Holiday Gift Guide,United States,Paid Social,Facebook,3766.15,367665,9394,357,30316.68,0.0256,0.038,0.4,10.55,8.05
CMP-0017,2025-06-10,Winter Wellness,United Kingdom,Display,Google Display,2137.33,470912,5066,65,4692.62,0.0108,0.0128,0.42,32.88,2.2
CMP-0161,2025-06-10,Cyber Monday,United States,Paid Search,Google Ads,2822.26,108769,4037,423,38460.59,0.0371,0.1048,0.7,6.67,13.63
CMP-0201,2025-06-11,Fall Favorites,United Kingdom,Paid Social,LinkedIn,4945.71,451254,13143,767,52548.89,0.0291,0.0584,0.38,6.45,10.63
CMP-0360,2025-06-11,Summer Essentials,United States,Paid Search,Google Ads,3187.86,150416,3887,358,38430.97,0.0258,0.0921,0.82,8.9,12.06
CMP-0234,2025-06-12,New Year Reset,Australia,Display,Google Display,2065.98,441227,2540,55,3403.11,0.0058,0.0217,0.81,37.56,1.65
CMP-0272,2025-06-12,Black Friday,United States,Paid Social,TikTok,2811.13,373205,8535,685,65150.53,0.0229,0.0803,0.33,4.1,23.18
CMP-0319,2025-06-13,Spring Refresh,United States,Display,Programmatic,262.73,37146,282,4,234.49,0.0076,0.0142,0.93,65.68,0.89
CMP-0558,2025-06-13,Winter Wellness,United States,Email,Email,577.77,182571,8632,604,37518.65,0.0473,0.07,0.07,0.96,64.94
CMP-0617,2025-06-13,Fall Favorites,United States,Email,Email,519.75,281567,13417,1379,125732.31,0.0477,0.1028,0.04,0.38,241.91
CMP-0072,2025-06-14,Back to School,Australia,Email,Email,583.75,263978,12992,735,77508.13,0.0492,0.0566,0.04,0.79,132.78
CMP-0193,2025-06-14,Summer Essentials,Canada,Paid Social,LinkedIn,1009.41,127359,4056,178,14928.91,0.0318,0.0439,0.25,5.67,14.79
CMP-0222,2025-06-14,Holiday Gift Guide,United States,Affiliate,Affiliate Network,2598.4,312440,3642,184,12261.85,0.0117,0.0505,0.71,14.12,4.72
CMP-0695,2025-06-14,Spring Refresh,United States,Display,Google Display,2384.49,402095,1357,24,1525.47,0.0034,0.0177,1.76,99.35,0.64
CMP-0513,2025-06-16,Spring Refresh,United States,Paid Search,Google Ads,7106.4,209012,7978,679,72473.62,0.0382,0.0851,0.89,10.47,10.2
CMP-0623,2025-06-16,Back to School,United States,Paid Social,TikTok,627.81,62873,1240,45,4039.91,0.0197,0.0363,0.51,13.95,6.43
CMP-0048,2025-06-17,Black Friday,United States,Paid Social,LinkedIn,1444.87,112178,2644,177,12980.98,0.0236,0.0669,0.55,8.16,8.98
CMP-0131,2025-06-17,Holiday Gift Guide,United States,Email,Email,1711.75,482247,19996,1043,83505.97,0.0415,0.0522,0.09,1.64,48.78
CMP-0124,2025-06-19,Winter Wellness,Canada,Paid Search,Google Ads,7260.81,357102,16955,950,112223.15,0.0475,0.056,0.43,7.64,15.46
CMP-0277,2025-06-19,Spring Refresh,United States,Affiliate,Affiliate Network,6016.83,434890,11593,878,100667.04,0.0267,0.0757,0.52,6.85,16.73
CMP-0627,2025-06-20,Always-On Acquisition,United Kingdom,Paid Search,Microsoft Ads,9587.45,300822,17434,1094,83731.69,0.058,0.0628,0.55,8.76,8.73
CMP-0247,2025-06-21,Fall Favorites,United States,Email,Email,1227.45,446078,23000,1306,136237.66,0.0516,0.0568,0.05,0.94,110.99
CMP-0523,2025-06-21,Holiday Gift Guide,United States,Paid Search,Google Ads,9752.47,335560,16373,931,92399.74,0.0488,0.0569,0.6,10.48,9.47
CMP-0604,2025-06-21,Cyber Monday,Australia,Paid Social,LinkedIn,4097.64,491285,6529,345,24388.77,0.0133,0.0528,0.63,11.88,5.95
CMP-0614,2025-06-21,Black Friday,United States,Paid Social,TikTok,2862.31,327627,4564,196,17370.99,0.0139,0.0429,0.63,14.6,6.07
CMP-0491,2025-06-22,Back to School,United States,Paid Search,Google Ads,15478.05,447115,17674,1140,88194.84,0.0395,0.0645,0.88,13.58,5.7
CMP-0483,2025-06-23,Fall Favorites,United States,Paid Search,Google Ads,4322.44,127294,6412,320,37350.53,0.0504,0.0499,0.67,13.51,8.64
CMP-0722,2025-06-23,Summer Essentials,United States,Paid Social,Instagram,761.56,98349,3020,153,10893.97,0.0307,0.0507,0.25,4.98,14.3
CMP-0502,2025-06-24,Always-On Acquisition,United States,Paid Search,Microsoft Ads,6750.52,242447,10755,773,94100.08,0.0444,0.0719,0.63,8.73,13.94
CMP-0115,2025-06-25,Spring Refresh,Canada,Email,Email,247.5,128957,2544,212,21615.24,0.0197,0.0833,0.1,1.17,87.33
CMP-0736,2025-06-26,Cyber Monday,United States,Paid Social,Instagram,1931.61,241554,5970,458,50886.9,0.0247,0.0767,0.32,4.22,26.34
CMP-0347,2025-06-27,New Year Reset,Canada,Paid Social,Instagram,582.04,65639,797,37,3369.25,0.0121,0.0464,0.73,15.73,5.79
CMP-0059,2025-06-28,Cyber Monday,United Kingdom,Display,Programmatic,1726.35,402361,2550,68,5491.56,0.0063,0.0267,0.68,25.39,3.18
CMP-0248,2025-06-28,Winter Wellness,United Kingdom,Paid Social,TikTok,3845.83,418048,9969,363,24955.03,0.0238,0.0364,0.39,10.59,6.49
CMP-0662,2025-06-28,Holiday Gift Guide,United States,Email,Email,910.36,308848,10112,767,82744.43,0.0327,0.0759,0.09,1.19,90.89
CMP-0461,2025-06-29,Summer Essentials,United States,Display,Google Display,510.33,96560,968,7,435.39,0.01,0.0072,0.53,72.9,0.85
CMP-0181,2025-06-30,Back to School,United States,Display,Programmatic,2341.19,280952,2897,54,3847.59,0.0103,0.0186,0.81,43.36,1.64
CMP-0155,2025-07-01,Always-On Acquisition,United Kingdom,Paid Social,Instagram,2679.82,366848,12619,711,54320.58,0.0344,0.0563,0.21,3.77,20.27
CMP-0446,2025-07-01,Cyber Monday,Canada,Email,Email,716.83,265857,13569,838,79241.82,0.051,0.0618,0.05,0.86,110.54
CMP-0504,2025-07-02,Summer Essentials,United States,Paid Search,Microsoft Ads,10595.36,423175,23687,1126,124657.25,0.056,0.0475,0.45,9.41,11.77
CMP-0721,2025-07-02,New Year Reset,Australia,Affiliate,Affiliate Network,4628.81,405867,6312,341,32775.98,0.0156,0.054,0.73,13.57,7.08
CMP-0697,2025-07-03,Fall Favorites,United Kingdom,Paid Search,Google Ads,10629.23,309895,16097,911,70573.55,0.0519,0.0566,0.66,11.67,6.64
CMP-0397,2025-07-04,Winter Wellness,United States,Paid Social,Facebook,3679.41,341397,11989,591,36163.31,0.0351,0.0493,0.31,6.23,9.83
CMP-0219,2025-07-05,Holiday Gift Guide,United States,Paid Search,Google Ads,5756.51,190709,7706,700,71020.1,0.0404,0.0908,0.75,8.22,12.34
CMP-0727,2025-07-05,Fall Favorites,United Kingdom,Paid Search,Microsoft Ads,11895.85,392601,20306,1716,211392.27,0.0517,0.0845,0.59,6.93,17.77
CMP-0089,2025-07-07,Black Friday,United States,Display,Programmatic,2181.49,247679,1085,52,3407.65,0.0044,0.0479,2.01,41.95,1.56
CMP-0147,2025-07-07,Spring Refresh,Australia,Paid Social,TikTok,4914.62,436969,14620,716,69775.78,0.0335,0.049,0.34,6.86,14.2
CMP-0061,2025-07-08,Winter Wellness,United States,Affiliate,Affiliate Network,3049.88,323765,5163,204,22720.1,0.0159,0.0395,0.59,14.95,7.45
CMP-0091,2025-07-08,Cyber Monday,United States,Paid Social,LinkedIn,1640.06,229737,7775,588,46968.97,0.0338,0.0756,0.21,2.79,28.64
CMP-0179,2025-07-08,Black Friday,United States,Affiliate,Affiliate Network,2634.13,253025,6260,536,60136.14,0.0247,0.0856,0.42,4.91,22.83
CMP-0630,2025-07-08,Cyber Monday,United States,Email,Email,316.2,85978,2042,256,22455.59,0.0238,0.1254,0.15,1.24,71.02
CMP-0054,2025-07-09,Cyber Monday,United States,Paid Social,Instagram,2279.39,256591,6882,557,42884.91,0.0268,0.0809,0.33,4.09,18.81
CMP-0211,2025-07-09,Summer Essentials,United Kingdom,Paid Social,LinkedIn,1708.98,153613,1942,58,4271.46,0.0126,0.0299,0.88,29.47,2.5
CMP-0451,2025-07-09,Back to School,Canada,Email,Email,1168.95,469010,23096,1715,107951.99,0.0492,0.0743,0.05,0.68,92.35
CMP-0128,2025-07-10,Black Friday,United States,Affiliate,Affiliate Network,3904.06,331988,6932,343,34906.36,0.0209,0.0495,0.56,11.38,8.94
CMP-0518,2025-07-10,Spring Refresh,United States,Display,Google Display,481.48,100405,710,13,654.8,0.0071,0.0183,0.68,37.04,1.36
CMP-0351,2025-07-11,Winter Wellness,United States,Paid Social,Instagram,2379.13,260358,6461,346,29414.6,0.0248,0.0536,0.37,6.88,12.36
CMP-0353,2025-07-12,New Year Reset,Canada,Paid Social,Facebook,2538.7,265943,3469,133,13026.3,0.013,0.0383,0.73,19.09,5.13
CMP-0605,2025-07-12,Cyber Monday,United States,Email,Email,1048.8,497316,24166,3229,314944.99,0.0486,0.1336,0.04,0.32,300.29
CMP-0402,2025-07-13,Back to School,United States,Paid Search,Microsoft Ads,5955.75,210706,7224,491,53442.12,0.0343,0.068,0.82,12.13,8.97
CMP-0445,2025-07-13,Always-On Acquisition,Australia,Affiliate,Affiliate Network,1617.05,157529,4272,213,18349.06,0.0271,0.0499,0.38,7.59,11.35
CMP-0019,2025-07-14,New Year Reset,United States,Affiliate,Affiliate Network,1356.65,96981,2867,175,14139.38,0.0296,0.061,0.47,7.75,10.42
CMP-0205,2025-07-14,New Year Reset,Australia,Affiliate,Affiliate Network,3764.46,266904,8357,555,51346.48,0.0313,0.0664,0.45,6.78,13.64
CMP-0237,2025-07-16,Always-On Acquisition,United States,Paid Social,Facebook,2265.38,291954,8560,473,44519.37,0.0293,0.0553,0.26,4.79,19.65
CMP-0335,2025-07-16,Black Friday,Australia,Affiliate,Affiliate Network,5819.56,377259,6367,253,19464.98,0.0169,0.0397,0.91,23.0,3.34
CMP-0459,2025-07-16,Spring Refresh,Canada,Paid Search,Google Ads,8085.19,335363,12845,939,73838.85,0.0383,0.0731,0.63,8.61,9.13
CMP-0571,2025-07-16,Always-On Acquisition,United Kingdom,Paid Social,LinkedIn,276.04,33864,469,13,777.14,0.0138,0.0277,0.59,21.23,2.82
CMP-0049,2025-07-17,Summer Essentials,United Kingdom,Display,Google Display,2901.45,333386,1447,30,1643.06,0.0043,0.0207,2.01,96.71,0.57
CMP-0073,2025-07-17,Summer Essentials,Canada,Paid Search,Microsoft Ads,7375.9,319448,10381,466,39879.62,0.0325,0.0449,0.71,15.83,5.41
CMP-0311,2025-07-18,Winter Wellness,United States,Affiliate,Affiliate Network,4024.93,334136,9035,630,63508.12,0.027,0.0697,0.45,6.39,15.78
CMP-0371,2025-07-18,Always-On Acquisition,United States,Email,Email,1825.52,498883,19146,1549,115591.62,0.0384,0.0809,0.1,1.18,63.32
CMP-0004,2025-07-19,Winter Wellness,United Kingdom,Display,Google Display,2727.69,484568,3054,49,2704.65,0.0063,0.016,0.89,55.67,0.99
CMP-0217,2025-07-19,Back to School,Australia,Paid Search,Microsoft Ads,10893.0,486290,21938,1232,105178.06,0.0451,0.0562,0.5,8.84,9.66
CMP-0705,2025-07-19,Fall Favorites,Canada,Email,Email,964.44,244625,5096,424,38129.68,0.0208,0.0832,0.19,2.27,39.54
CMP-0053,2025-07-20,Fall Favorites,Australia,Paid Search,Microsoft Ads,11797.39,373361,14168,386,44895.52,0.0379,0.0272,0.83,30.56,3.81
CMP-0348,2025-07-20,Holiday Gift Guide,Canada,Paid Search,Google Ads,11393.54,428167,15044,760,54295.22,0.0351,0.0505,0.76,14.99,4.77
CMP-0165,2025-07-21,Black Friday,Australia,Affiliate,Affiliate Network,5231.55,497542,8639,637,59377.42,0.0174,0.0737,0.61,8.21,11.35
CMP-0007,2025-07-22,Back to School,United Kingdom,Paid Social,Instagram,874.24,79401,1832,94,7854.86,0.0231,0.0513,0.48,9.3,8.98
CMP-0713,2025-07-22,New Year Reset,Canada,Paid Search,Microsoft Ads,1682.12,66713,3321,169,14972.51,0.0498,0.0509,0.51,9.95,8.9
CMP-0284,2025-07-23,Holiday Gift Guide,Australia,Paid Social,Facebook,1125.34,143593,4365,167,16631.41,0.0304,0.0383,0.26,6.74,14.78
CMP-0301,2025-07-23,Back to School,United States,Paid Social,Instagram,768.77,81716,1817,61,3611.84,0.0222,0.0336,0.42,12.6,4.7
CMP-0355,2025-07-23,Winter Wellness,United States,Display,Google Display,576.92,139295,1438,21,1142.54,0.0103,0.0146,0.4,27.47,1.98
CMP-0716,2025-07-23,Winter Wellness,Australia,Paid Search,Google Ads,8712.81,459765,23411,1786,193987.73,0.0509,0.0763,0.37,4.88,22.26
CMP-0198,2025-07-24,Back to School,United States,Paid Social,Facebook,2689.36,277893,4989,243,13596.34,0.018,0.0487,0.54,11.07,5.06
CMP-0242,2025-07-24,Back to School,United Kingdom,Affiliate,Affiliate Network,2748.17,318446,5346,262,20795.9,0.0168,0.049,0.51,10.49,7.57
CMP-0276,2025-07-24,Fall Favorites,United Kingdom,Paid Search,Microsoft Ads,3012.41,139737,7155,542,55076.85,0.0512,0.0758,0.42,5.56,18.28
CMP-0332,2025-07-24,Always-On Acquisition,United Kingdom,Paid Social,Instagram,4013.61,436828,5291,305,20306.86,0.0121,0.0576,0.76,13.16,5.06
CMP-0582,2025-07-24,Summer Essentials,United Kingdom,Paid Social,Facebook,4283.75,466483,6335,224,13894.15,0.0136,0.0354,0.68,19.12,3.24
CMP-0686,2025-07-24,Always-On Acquisition,United States,Paid Search,Google Ads,4755.0,232428,12373,852,76169.13,0.0532,0.0689,0.38,5.58,16.02
CMP-0365,2025-07-25,Summer Essentials,United States,Paid Search,Microsoft Ads,2970.98,164669,9209,470,51435.92,0.0559,0.051,0.32,6.32,17.31
CMP-0608,2025-07-25,Summer Essentials,United Kingdom,Paid Social,LinkedIn,3739.6,330960,8331,159,11678.91,0.0252,0.0191,0.45,23.52,3.12
CMP-0008,2025-07-26,Fall Favorites,United Kingdom,Paid Social,TikTok,381.33,39638,661,16,1082.6,0.0167,0.0242,0.58,23.83,2.84
CMP-0280,2025-07-26,Back to School,United States,Paid Search,Google Ads,7993.46,301450,13154,1118,99251.36,0.0436,0.085,0.61,7.15,12.42
CMP-0420,2025-07-26,Cyber Monday,United States,Paid Social,Instagram,2668.52,226553,7838,527,56840.25,0.0346,0.0672,0.34,5.06,21.3
CMP-0152,2025-07-27,Holiday Gift Guide,Australia,Paid Search,Microsoft Ads,1709.83,78286,3381,179,20118.26,0.0432,0.0529,0.51,9.55,11.77
CMP-0376,2025-07-27,Cyber Monday,Australia,Affiliate,Affiliate Network,1424.32,138355,1743,95,6636.76,0.0126,0.0545,0.82,14.99,4.66
CMP-0612,2025-07-27,Always-On Acquisition,Australia,Email,Email,620.64,398036,10623,861,76689.57,0.0267,0.0811,0.06,0.72,123.57
CMP-0194,2025-07-28,Summer Essentials,Canada,Paid Social,Facebook,1437.63,143745,4461,131,8681.3,0.031,0.0294,0.32,10.97,6.04
CMP-0086,2025-07-29,Cyber Monday,Australia,Paid Search,Google Ads,7254.09,320351,8704,564,68869.55,0.0272,0.0648,0.83,12.86,9.49
CMP-0245,2025-07-29,Spring Refresh,United States,Paid Search,Microsoft Ads,7007.87,335378,9531,570,62589.41,0.0284,0.0598,0.74,12.29,8.93
CMP-0288,2025-07-29,Black Friday,United Kingdom,Paid Social,Instagram,5380.82,474329,13832,1042,113270.25,0.0292,0.0753,0.39,5.16,21.05
CMP-0587,2025-07-29,Fall Favorites,United Kingdom,Paid Social,TikTok,2403.24,250993,6590,201,16727.35,0.0263,0.0305,0.36,11.96,6.96
CMP-0734,2025-07-29,Fall Favorites,United States,Affiliate,Affiliate Network,4199.25,305507,4881,123,11398.25,0.016,0.0252,0.86,34.14,2.71
CMP-0384,2025-07-30,Summer Essentials,United Kingdom,Paid Social,Facebook,5047.46,441708,6954,138,9751.16,0.0157,0.0198,0.73,36.58,1.93
CMP-0229,2025-07-31,Cyber Monday,United States,Paid Search,Microsoft Ads,3374.12,105739,4623,518,60599.87,0.0437,0.112,0.73,6.51,17.96
CMP-0406,2025-07-31,Always-On Acquisition,Canada,Affiliate,Affiliate Network,2058.64,225242,5253,276,30699.74,0.0233,0.0525,0.39,7.46,14.91
CMP-0594,2025-07-31,Winter Wellness,United Kingdom,Email,Email,762.17,207734,6507,501,40595.23,0.0313,0.077,0.12,1.52,53.26
CMP-0098,2025-08-02,New Year Reset,United States,Affiliate,Affiliate Network,3513.19,391868,10242,513,55057.17,0.0261,0.0501,0.34,6.85,15.67
CMP-0425,2025-08-02,Cyber Monday,United States,Display,Google Display,1516.03,311039,999,38,2388.86,0.0032,0.038,1.52,39.9,1.58
CMP-0455,2025-08-02,New Year Reset,Australia,Display,Programmatic,2658.27,477296,3656,57,4085.42,0.0077,0.0156,0.73,46.64,1.54
CMP-0052,2025-08-03,Holiday Gift Guide,United States,Email,Email,484.21,187783,7694,619,59941.04,0.041,0.0805,0.06,0.78,123.79
CMP-0096,2025-08-03,New Year Reset,United States,Paid Social,Instagram,2180.75,287627,9215,445,27785.36,0.032,0.0483,0.24,4.9,12.74
CMP-0232,2025-08-03,Black Friday,Australia,Paid Search,Google Ads,7624.55,391165,12119,1170,117102.06,0.031,0.0965,0.63,6.52,15.36
CMP-0366,2025-08-03,Black Friday,United States,Email,Email,976.49,385193,14165,1666,165524.25,0.0368,0.1176,0.07,0.59,169.51
CMP-0514,2025-08-03,Always-On Acquisition,United States,Paid Search,Microsoft Ads,2301.69,101450,5636,353,28905.82,0.0556,0.0626,0.41,6.52,12.56
CMP-0307,2025-08-04,Black Friday,United Kingdom,Paid Search,Microsoft Ads,7306.32,375452,11615,1250,154329.51,0.0309,0.1076,0.63,5.85,21.12
CMP-0214,2025-08-05,Summer Essentials,United Kingdom,Email,Email,78.7,35577,1728,166,10311.47,0.0486,0.0961,0.05,0.47,131.02
CMP-0316,2025-08-05,Back to School,United Kingdom,Paid Social,Facebook,792.31,92112,2974,113,10231.67,0.0323,0.038,0.27,7.01,12.91
CMP-0414,2025-08-05,Fall Favorites,United Kingdom,Paid Social,Instagram,3527.22,467667,10368,286,17595.93,0.0222,0.0276,0.34,12.33,4.99
CMP-0584,2025-08-06,Holiday Gift Guide,Canada,Email,Email,608.99,247416,8026,636,68388.71,0.0324,0.0792,0.08,0.96,112.3
CMP-0628,2025-08-06,Fall Favorites,United States,Paid Social,Instagram,2862.79,261867,8661,524,45402.38,0.0331,0.0605,0.33,5.46,15.86
CMP-0022,2025-08-07,Back to School,United States,Paid Social,TikTok,839.72,107782,2793,131,11297.68,0.0259,0.0469,0.3,6.41,13.45
CMP-0107,2025-08-07,Always-On Acquisition,United States,Paid Search,Microsoft Ads,4998.59,162590,9757,783,67836.31,0.06,0.0803,0.51,6.38,13.57
CMP-0238,2025-08-07,Holiday Gift Guide,United Kingdom,Email,Email,1122.54,305649,6561,373,38425.45,0.0215,0.0569,0.17,3.01,34.23
CMP-0588,2025-08-07,Cyber Monday,United States,Email,Email,400.1,132749,2947,263,25091.81,0.0222,0.0892,0.14,1.52,62.71
CMP-0093,2025-08-08,Summer Essentials,United Kingdom,Paid Social,Instagram,306.74,36251,538,15,950.39,0.0148,0.0279,0.57,20.45,3.1
CMP-0718,2025-08-08,Cyber Monday,Canada,Paid Search,Google Ads,4309.55,181625,5858,329,31976.06,0.0323,0.0562,0.74,13.1,7.42
CMP-0313,2025-08-09,Black Friday,Canada,Paid Social,LinkedIn,2965.56,285753,6699,284,19815.91,0.0234,0.0424,0.44,10.44,6.68
CMP-0334,2025-08-10,New Year Reset,United Kingdom,Display,Google Display,1976.58,332742,2487,38,3316.33,0.0075,0.0153,0.79,52.02,1.68
CMP-0389,2025-08-10,Spring Refresh,Canada,Email,Email,1068.02,283500,11504,586,63726.41,0.0406,0.0509,0.09,1.82,59.67
CMP-0725,2025-08-10,Black Friday,Canada,Paid Search,Google Ads,6312.87,266642,7927,782,104998.97,0.0297,0.0987,0.8,8.07,16.63
CMP-0312,2025-08-12,Cyber Monday,United Kingdom,Paid Social,TikTok,768.74,72267,937,32,2272.72,0.013,0.0342,0.82,24.02,2.96
CMP-0431,2025-08-12,Winter Wellness,United Kingdom,Paid Search,Microsoft Ads,13520.95,404256,20866,1280,125526.94,0.0516,0.0613,0.65,10.56,9.28
CMP-0437,2025-08-12,Cyber Monday,United Kingdom,Affiliate,Affiliate Network,5163.59,357226,4063,195,15597.03,0.0114,0.048,1.27,26.48,3.02
CMP-0576,2025-08-12,Winter Wellness,United Kingdom,Email,Email,531.28,276529,9832,762,49573.56,0.0356,0.0775,0.05,0.7,93.31
CMP-0166,2025-08-13,Spring Refresh,United States,Paid Social,TikTok,666.83,52524,1176,63,4009.1,0.0224,0.0536,0.57,10.58,6.01
CMP-0207,2025-08-13,Fall Favorites,United Kingdom,Paid Social,Facebook,5308.88,465742,9045,295,28737.6,0.0194,0.0326,0.59,18.0,5.41
CMP-0213,2025-08-13,Black Friday,United States,Paid Search,Microsoft Ads,2250.61,122508,5140,405,54549.22,0.042,0.0788,0.44,5.56,24.24
CMP-0274,2025-08-13,New Year Reset,United Kingdom,Paid Social,Facebook,2433.0,203796,7077,414,27023.9,0.0347,0.0585,0.34,5.88,11.11
CMP-0586,2025-08-13,Spring Refresh,Australia,Paid Search,Microsoft Ads,2883.21,110574,4488,342,41064.86,0.0406,0.0762,0.64,8.43,14.24
CMP-0638,2025-08-13,New Year Reset,United States,Paid Search,Microsoft Ads,12280.55,379493,20348,1977,244925.71,0.0536,0.0972,0.6,6.21,19.94
CMP-0672,2025-08-13,Holiday Gift Guide,United States,Paid Search,Microsoft Ads,10738.94,343003,8808,442,40542.36,0.0257,0.0502,1.22,24.3,3.78
CMP-0099,2025-08-14,Winter Wellness,United States,Paid Search,Google Ads,4255.43,141498,8218,514,50987.14,0.0581,0.0625,0.52,8.28,11.98
CMP-0677,2025-08-14,Always-On Acquisition,Canada,Paid Search,Google Ads,10925.99,313424,13204,524,59456.86,0.0421,0.0397,0.83,20.85,5.44
CMP-0743,2025-08-14,Back to School,United States,Paid Social,LinkedIn,269.89,29866,540,16,1074.77,0.0181,0.0296,0.5,16.87,3.98
CMP-0036,2025-08-15,Black Friday,United States,Affiliate,Affiliate Network,5776.71,368623,9734,957,116930.77,0.0264,0.0983,0.59,6.04,20.24
CMP-0257,2025-08-15,Black Friday,United Kingdom,Email,Email,1149.74,404300,15600,1200,143267.18,0.0386,0.0769,0.07,0.96,124.61
CMP-0538,2025-08-15,New Year Reset,United Kingdom,Affiliate,Affiliate Network,4602.16,450555,9750,526,39905.83,0.0216,0.0539,0.47,8.75,8.67
CMP-0163,2025-08-16,Always-On Acquisition,United Kingdom,Affiliate,Affiliate Network,6024.78,420384,7537,268,23814.49,0.0179,0.0356,0.8,22.48,3.95
CMP-0373,2025-08-16,Black Friday,United Kingdom,Email,Email,983.51,433849,19082,1489,125583.02,0.044,0.078,0.05,0.66,127.69
CMP-0512,2025-08-16,Cyber Monday,Canada,Paid Search,Microsoft Ads,3412.12,162034,9336,824,72824.24,0.0576,0.0883,0.37,4.14,21.34
CMP-0626,2025-08-16,Holiday Gift Guide,United States,Paid Social,Facebook,2597.92,204557,4431,239,23506.14,0.0217,0.0539,0.59,10.87,9.05
CMP-0148,2025-08-17,Winter Wellness,Canada,Paid Search,Google Ads,9424.04,283160,17257,1040,98906.3,0.0609,0.0603,0.55,9.06,10.5
CMP-0258,2025-08-17,Summer Essentials,United Kingdom,Paid Social,Instagram,384.33,32122,835,30,2816.55,0.026,0.0359,0.46,12.81,7.33
CMP-0062,2025-08-19,Holiday Gift Guide,United States,Paid Search,Google Ads,6683.8,294099,14901,1460,152014.72,0.0507,0.098,0.45,4.58,22.74
CMP-0135,2025-08-20,Summer Essentials,United Kingdom,Paid Search,Google Ads,4791.32,200663,7177,346,31624.51,0.0358,0.0482,0.67,13.85,6.6
CMP-0526,2025-08-20,New Year Reset,United Kingdom,Display,Google Display,1164.31,137322,686,20,1192.59,0.005,0.0292,1.7,58.22,1.02
CMP-0715,2025-08-20,Summer Essentials,United States,Paid Search,Google Ads,3677.2,201440,11321,961,99955.66,0.0562,0.0849,0.32,3.83,27.18
CMP-0156,2025-08-21,Black Friday,Canada,Display,Google Display,2334.23,380115,3512,108,9507.88,0.0092,0.0308,0.66,21.61,4.07
CMP-0496,2025-08-21,Fall Favorites,Canada,Paid Social,TikTok,4703.2,462058,9387,505,37208.62,0.0203,0.0538,0.5,9.31,7.91
CMP-0314,2025-08-22,Fall Favorites,United States,Display,Google Display,512.69,65128,507,7,432.02,0.0078,0.0138,1.01,73.24,0.84
CMP-0511,2025-08-22,Always-On Acquisition,United States,Paid Social,Facebook,2023.89,235000,6540,235,18279.91,0.0278,0.0359,0.31,8.61,9.03
CMP-0380,2025-08-23,Summer Essentials,Canada,Paid Social,Instagram,1530.13,149921,2545,59,5251.86,0.017,0.0232,0.6,25.93,3.43
CMP-0462,2025-08-23,Winter Wellness,United Kingdom,Paid Social,Facebook,2841.1,306298,4702,156,8789.42,0.0154,0.0332,0.6,18.21,3.09
CMP-0620,2025-08-23,Cyber Monday,United States,Affiliate,Affiliate Network,3449.01,329246,4750,361,35107.74,0.0144,0.076,0.73,9.55,10.18
CMP-0699,2025-08-23,Holiday Gift Guide,United States,Paid Search,Microsoft Ads,8349.06,448559,18866,1751,179754.58,0.0421,0.0928,0.44,4.77,21.53
CMP-0472,2025-08-24,Back to School,United States,Email,Email,839.96,490647,17659,1782,172261.03,0.036,0.1009,0.05,0.47,205.08
CMP-0572,2025-08-24,Black Friday,United States,Email,Email,1314.03,376473,9420,682,51320.45,0.025,0.0724,0.14,1.93,39.06
CMP-0305,2025-08-25,Fall Favorites,United Kingdom,Paid Search,Microsoft Ads,4028.38,181868,9241,697,49076.86,0.0508,0.0754,0.44,5.78,12.18
CMP-0468,2025-08-25,Back to School,United Kingdom,Email,Email,511.45,243118,11788,1033,67769.93,0.0485,0.0876,0.04,0.5,132.51
CMP-0064,2025-08-26,Fall Favorites,United Kingdom,Affiliate,Affiliate Network,782.68,75945,1948,43,4466.29,0.0257,0.0221,0.4,18.2,5.71
CMP-0336,2025-08-26,Winter Wellness,Canada,Paid Search,Microsoft Ads,10594.85,344948,11901,604,53262.55,0.0345,0.0508,0.89,17.54,5.03
CMP-0074,2025-08-27,New Year Reset,Canada,Email,Email,757.26,291708,11543,890,89651.41,0.0396,0.0771,0.07,0.85,118.39
CMP-0154,2025-08-27,Black Friday,United States,Paid Social,LinkedIn,3082.75,304701,7144,597,50848.41,0.0234,0.0836,0.43,5.16,16.49
CMP-0281,2025-08-27,Cyber Monday,Canada,Paid Social,Instagram,2629.02,301774,8385,463,43059.42,0.0278,0.0552,0.31,5.68,16.38
CMP-0466,2025-08-27,Summer Essentials,Canada,Paid Search,Google Ads,7903.35,335429,18737,514,64020.88,0.0559,0.0274,0.42,15.38,8.1
CMP-0611,2025-08-27,Spring Refresh,United States,Paid Social,Facebook,3230.73,330555,11484,412,24515.95,0.0347,0.0359,0.28,7.84,7.59
CMP-0646,2025-08-27,Fall Favorites,United States,Paid Search,Google Ads,3959.67,131922,4854,191,21893.56,0.0368,0.0393,0.82,20.73,5.53
CMP-0378,2025-08-28,Back to School,United States,Paid Social,Facebook,1717.9,160090,2919,174,14803.91,0.0182,0.0596,0.59,9.87,8.62
CMP-0515,2025-08-28,Back to School,Canada,Paid Social,TikTok,4148.9,384916,11129,492,30463.7,0.0289,0.0442,0.37,8.43,7.34
CMP-0358,2025-08-29,Black Friday,Canada,Email,Email,123.01,52218,2213,142,10793.29,0.0424,0.0642,0.06,0.87,87.74
CMP-0014,2025-08-30,Winter Wellness,United States,Paid Search,Microsoft Ads,3576.11,106031,4689,358,25509.01,0.0442,0.0763,0.76,9.99,7.13
CMP-0103,2025-08-30,Winter Wellness,Australia,Email,Email,1103.58,413032,11175,641,40065.92,0.0271,0.0574,0.1,1.72,36.31
CMP-0394,2025-08-30,Cyber Monday,Canada,Paid Search,Google Ads,6951.56,359618,19900,1124,147801.03,0.0553,0.0565,0.35,6.18,21.26
CMP-0613,2025-08-30,Fall Favorites,United Kingdom,Paid Social,Facebook,2232.63,310778,8660,420,38716.37,0.0279,0.0485,0.26,5.32,17.34
CMP-0597,2025-08-31,Fall Favorites,United States,Affiliate,Affiliate Network,2007.93,237316,5528,346,34358.62,0.0233,0.0626,0.36,5.8,17.11
CMP-0075,2025-09-03,Always-On Acquisition,Canada,Paid Social,Instagram,2222.75,292031,8464,341,25398.96,0.029,0.0403,0.26,6.52,11.43
CMP-0139,2025-09-03,Winter Wellness,Canada,Paid Search,Google Ads,9629.6,279832,17368,806,82764.11,0.0621,0.0464,0.55,11.95,8.59
CMP-0579,2025-09-03,Cyber Monday,United States,Email,Email,1146.83,410017,13892,1616,161367.12,0.0339,0.1163,0.08,0.71,140.71
CMP-0498,2025-09-04,Spring Refresh,United Kingdom,Paid Search,Microsoft Ads,3812.03,126814,5930,238,22505.75,0.0468,0.0401,0.64,16.02,5.9
CMP-0609,2025-09-05,Fall Favorites,Canada,Display,Programmatic,463.76,79533,362,6,490.04,0.0046,0.0166,1.28,77.29,1.06
CMP-0566,2025-09-06,Fall Favorites,United States,Paid Social,Facebook,2269.05,263662,7649,265,20162.4,0.029,0.0346,0.3,8.56,8.89
CMP-0625,2025-09-06,Spring Refresh,Canada,Paid Search,Microsoft Ads,2965.16,101129,4328,331,29296.78,0.0428,0.0765,0.69,8.96,9.88
CMP-0043,2025-09-07,Spring Refresh,Canada,Paid Social,TikTok,5492.38,499575,12582,667,37555.42,0.0252,0.053,0.44,8.23,6.84
CMP-0119,2025-09-07,Black Friday,Australia,Paid Social,Facebook,2330.58,244074,3306,149,16159.87,0.0135,0.0451,0.7,15.64,6.93
CMP-0454,2025-09-07,Fall Favorites,United States,Display,Google Display,3727.76,476077,5202,83,6327.76,0.0109,0.016,0.72,44.91,1.7
CMP-0005,2025-09-08,Back to School,United States,Display,Programmatic,1899.19,232647,2099,71,5835.53,0.009,0.0338,0.9,26.75,3.07
CMP-0688,2025-09-09,New Year Reset,United Kingdom,Paid Search,Microsoft Ads,5579.06,194929,8225,727,89270.22,0.0422,0.0884,0.68,7.67,16.0
CMP-0236,2025-09-10,Fall Favorites,Canada,Paid Search,Google Ads,10467.81,304072,14019,585,63418.39,0.0461,0.0417,0.75,17.89,6.06
CMP-0252,2025-09-10,Black Friday,Australia,Email,Email,351.61,121676,3599,411,49716.86,0.0296,0.1142,0.1,0.86,141.4
CMP-0359,2025-09-10,Always-On Acquisition,Canada,Paid Search,Google Ads,10069.22,289859,9099,582,51264.43,0.0314,0.064,1.11,17.3,5.09
CMP-0362,2025-09-10,New Year Reset,Canada,Paid Search,Google Ads,4508.15,248874,9083,680,70777.33,0.0365,0.0749,0.5,6.63,15.7
CMP-0559,2025-09-11,Holiday Gift Guide,United Kingdom,Paid Social,LinkedIn,2313.12,203971,6118,196,18834.57,0.03,0.032,0.38,11.8,8.14
CMP-0002,2025-09-12,Winter Wellness,United Kingdom,Email,Email,1213.53,465214,13117,636,64478.67,0.0282,0.0485,0.09,1.91,53.13
CMP-0271,2025-09-12,Summer Essentials,United States,Paid Social,Instagram,2800.46,310949,4880,209,19894.89,0.0157,0.0428,0.57,13.4,7.1
CMP-0585,2025-09-12,Spring Refresh,United States,Paid Search,Microsoft Ads,11921.39,472052,25208,1122,113704.82,0.0534,0.0445,0.47,10.63,9.54
CMP-0361,2025-09-13,Black Friday,United States,Email,Email,123.6,42649,790,116,14695.77,0.0185,0.1468,0.16,1.07,118.9
CMP-0489,2025-09-14,New Year Reset,Australia,Affiliate,Affiliate Network,6633.85,471135,12584,553,43839.32,0.0267,0.0439,0.53,12.0,6.61
CMP-0541,2025-09-16,Cyber Monday,United States,Paid Social,LinkedIn,391.61,48034,581,36,2734.99,0.0121,0.062,0.67,10.88,6.98
CMP-0661,2025-09-16,New Year Reset,United Kingdom,Display,Programmatic,3104.08,443337,2207,70,3807.73,0.005,0.0317,1.41,44.34,1.23
CMP-0118,2025-09-17,Cyber Monday,United States,Paid Search,Microsoft Ads,7616.87,287288,14425,1990,208414.18,0.0502,0.138,0.53,3.83,27.36
CMP-0591,2025-09-17,Cyber Monday,United Kingdom,Paid Social,Instagram,4013.28,495689,15878,899,66042.87,0.032,0.0566,0.25,4.46,16.46
CMP-0450,2025-09-18,Winter Wellness,Australia,Display,Google Display,297.23,37199,208,2,149.57,0.0056,0.0096,1.43,148.62,0.5
CMP-0339,2025-09-19,Summer Essentials,Australia,Paid Search,Microsoft Ads,10662.39,461601,13515,696,82384.33,0.0293,0.0515,0.79,15.32,7.73
CMP-0434,2025-09-19,Fall Favorites,United States,Affiliate,Affiliate Network,493.59,42524,603,30,2544.54,0.0142,0.0498,0.82,16.45,5.16
CMP-0100,2025-09-20,Spring Refresh,United States,Paid Social,Instagram,5812.73,471509,14128,655,51639.25,0.03,0.0464,0.41,8.87,8.88
CMP-0444,2025-09-20,Spring Refresh,United States,Paid Social,Facebook,2929.59,242574,3056,138,13527.92,0.0126,0.0452,0.96,21.23,4.62
CMP-0553,2025-09-20,Winter Wellness,United States,Paid Social,Facebook,1133.07,109698,2127,85,6389.97,0.0194,0.04,0.53,13.33,5.64
CMP-0648,2025-09-20,Cyber Monday,United Kingdom,Paid Social,Instagram,887.65,75678,1159,88,7725.12,0.0153,0.0759,0.77,10.09,8.7
CMP-0191,2025-09-21,Always-On Acquisition,United Kingdom,Paid Search,Microsoft Ads,9495.69,310949,8577,549,66260.28,0.0276,0.064,1.11,17.3,6.98
CMP-0259,2025-09-25,New Year Reset,United Kingdom,Paid Search,Microsoft Ads,3717.03,181930,5660,493,48207.23,0.0311,0.0871,0.66,7.54,12.97
CMP-0465,2025-09-25,New Year Reset,Canada,Affiliate,Affiliate Network,4147.4,312219,6248,240,22608.76,0.02,0.0384,0.66,17.28,5.45
CMP-0563,2025-09-26,Black Friday,United States,Email,Email,391.78,120853,5445,467,32388.71,0.0451,0.0858,0.07,0.84,82.67
CMP-0583,2025-09-26,Winter Wellness,Australia,Paid Social,LinkedIn,339.31,33906,1049,27,2678.41,0.0309,0.0257,0.32,12.57,7.89
CMP-0696,2025-09-26,Holiday Gift Guide,United States,Paid Social,Facebook,465.11,37209,731,47,4000.89,0.0196,0.0643,0.64,9.9,8.6
CMP-0730,2025-09-26,Black Friday,United States,Paid Social,LinkedIn,4943.44,476830,6328,298,30894.57,0.0133,0.0471,0.78,16.59,6.25
CMP-0032,2025-09-27,Winter Wellness,United Kingdom,Paid Search,Microsoft Ads,11183.77,432347,17007,906,70384.66,0.0393,0.0533,0.66,12.34,6.29
CMP-0040,2025-09-27,Summer Essentials,Canada,Paid Search,Microsoft Ads,14684.2,469667,19233,1615,197539.87,0.041,0.084,0.76,9.09,13.45
CMP-0226,2025-09-27,Black Friday,United Kingdom,Email,Email,416.75,190313,6084,515,45678.78,0.032,0.0846,0.07,0.81,109.61
CMP-0104,2025-09-28,Always-On Acquisition,Canada,Display,Google Display,403.95,50696,265,5,377.8,0.0052,0.0189,1.52,80.79,0.94
CMP-0167,2025-09-28,Winter Wellness,Canada,Paid Social,LinkedIn,3597.23,458811,13294,415,27983.17,0.029,0.0312,0.27,8.67,7.78
CMP-0047,2025-09-29,New Year Reset,Canada,Affiliate,Affiliate Network,1980.39,153610,1735,59,6443.23,0.0113,0.034,1.14,33.57,3.25
CMP-0092,2025-09-29,Summer Essentials,United Kingdom,Paid Search,Microsoft Ads,1011.65,29841,1174,69,5327.56,0.0393,0.0588,0.86,14.66,5.27
CMP-0580,2025-09-29,New Year Reset,Australia,Paid Search,Google Ads,8720.45,309256,13231,1054,109818.12,0.0428,0.0797,0.66,8.27,12.59
CMP-0122,2025-09-30,Cyber Monday,United States,Paid Social,Instagram,5180.0,433881,11125,431,41383.35,0.0256,0.0387,0.47,12.02,7.99
CMP-0159,2025-09-30,Summer Essentials,Australia,Email,Email,904.14,276461,7059,234,17647.5,0.0255,0.0331,0.13,3.86,19.52
CMP-0300,2025-09-30,Back to School,United States,Paid Search,Google Ads,11309.84,334392,8954,619,44019.79,0.0268,0.0691,1.26,18.27,3.89
CMP-0323,2025-09-30,Fall Favorites,Australia,Email,Email,382.87,105599,5645,132,9620.73,0.0535,0.0234,0.07,2.9,25.13
CMP-0593,2025-09-30,Fall Favorites,United Kingdom,Email,Email,1362.98,448647,22115,1663,174930.2,0.0493,0.0752,0.06,0.82,128.34
CMP-0105,2025-10-02,Black Friday,Australia,Paid Social,Instagram,4310.4,442112,6249,330,34955.75,0.0141,0.0528,0.69,13.06,8.11
CMP-0555,2025-10-02,Black Friday,United States,Paid Social,Facebook,4226.47,325309,5798,279,20382.54,0.0178,0.0481,0.73,15.15,4.82
CMP-0132,2025-10-03,New Year Reset,Australia,Paid Search,Google Ads,9611.8,459987,27249,1586,195710.27,0.0592,0.0582,0.35,6.06,20.36
CMP-0060,2025-10-06,Holiday Gift Guide,United Kingdom,Affiliate,Affiliate Network,5456.0,429708,11308,621,56865.31,0.0263,0.0549,0.48,8.79,10.42
CMP-0035,2025-10-07,Holiday Gift Guide,United States,Display,Google Display,905.41,121142,1225,35,1883.13,0.0101,0.0286,0.74,25.87,2.08
CMP-0295,2025-10-07,Fall Favorites,United States,Affiliate,Affiliate Network,5140.86,382699,4550,371,32744.69,0.0119,0.0815,1.13,13.86,6.37
CMP-0469,2025-10-07,Spring Refresh,United Kingdom,Paid Search,Microsoft Ads,14985.18,428955,11882,687,66185.93,0.0277,0.0578,1.26,21.81,4.42
CMP-0581,2025-10-07,Holiday Gift Guide,United States,Paid Social,LinkedIn,505.72,55565,914,56,3842.94,0.0164,0.0613,0.55,9.03,7.6
CMP-0018,2025-10-08,Fall Favorites,Canada,Email,Email,461.29,201188,10374,489,33364.66,0.0516,0.0471,0.04,0.94,72.33
CMP-0299,2025-10-08,Spring Refresh,United Kingdom,Paid Search,Microsoft Ads,3091.89,119914,4756,265,20069.45,0.0397,0.0557,0.65,11.67,6.49
CMP-0596,2025-10-08,Winter Wellness,Australia,Email,Email,137.03,83848,3830,167,16354.32,0.0457,0.0436,0.04,0.82,119.35
CMP-0322,2025-10-10,Spring Refresh,United States,Paid Social,Instagram,3951.74,338174,9683,342,25791.12,0.0286,0.0353,0.41,11.55,6.53
CMP-0524,2025-10-10,New Year Reset,Canada,Paid Social,Instagram,557.23,55505,1308,49,4722.44,0.0236,0.0375,0.43,11.37,8.47
CMP-0492,2025-10-11,Cyber Monday,United States,Paid Search,Google Ads,5576.6,233439,11818,1262,137786.91,0.0506,0.1068,0.47,4.42,24.71
CMP-0745,2025-10-11,Cyber Monday,Australia,Paid Search,Google Ads,7728.34,352762,16595,836,107668.46,0.047,0.0504,0.47,9.24,13.93
CMP-0516,2025-10-12,Summer Essentials,Canada,Display,Programmatic,947.2,114234,403,13,1066.35,0.0035,0.0323,2.35,72.86,1.13
CMP-0536,2025-10-12,Always-On Acquisition,Australia,Paid Social,LinkedIn,900.01,108213,2636,100,5749.26,0.0244,0.0379,0.34,9.0,6.39
CMP-0658,2025-10-12,Fall Favorites,Australia,Paid Social,Facebook,5071.89,448121,15922,555,50617.25,0.0355,0.0349,0.32,9.14,9.98
CMP-0723,2025-10-12,Fall Favorites,United Kingdom,Paid Social,Instagram,2998.09,251885,7703,458,40587.55,0.0306,0.0595,0.39,6.55,13.54
CMP-0157,2025-10-13,Always-On Acquisition,United States,Paid Search,Microsoft Ads,8612.98,323821,16337,912,101219.42,0.0505,0.0558,0.53,9.44,11.75
CMP-0320,2025-10-13,Fall Favorites,United Kingdom,Paid Search,Google Ads,3000.27,90896,3432,131,12401.14,0.0378,0.0382,0.87,22.9,4.13
CMP-0643,2025-10-13,New Year Reset,United Kingdom,Display,Programmatic,2626.06,333828,2114,61,5013.49,0.0063,0.0289,1.24,43.05,1.91
CMP-0400,2025-10-14,Back to School,United States,Paid Social,Instagram,2599.79,233930,3164,121,10371.54,0.0135,0.0382,0.82,21.49,3.99
CMP-0554,2025-10-14,Fall Favorites,United Kingdom,Email,Email,1286.36,434766,22797,797,72262.37,0.0524,0.035,0.06,1.61,56.18
CMP-0573,2025-10-15,Spring Refresh,United Kingdom,Paid Social,LinkedIn,1208.92,124558,3386,87,4786.23,0.0272,0.0257,0.36,13.9,3.96
CMP-0363,2025-10-16,Summer Essentials,United States,Affiliate,Affiliate Network,1935.41,168096,3210,181,15677.64,0.0191,0.0564,0.6,10.69,8.1
CMP-0654,2025-10-16,Spring Refresh,Canada,Paid Social,Facebook,2242.64,245309,8636,387,23213.54,0.0352,0.0448,0.26,5.79,10.35
CMP-0034,2025-10-17,Always-On Acquisition,Australia,Paid Search,Microsoft Ads,4904.75,180971,10140,732,72687.4,0.056,0.0722,0.48,6.7,14.82
CMP-0748,2025-10-17,Cyber Monday,Canada,Paid Social,Facebook,4409.29,387807,10107,674,63973.89,0.0261,0.0667,0.44,6.54,14.51
CMP-0177,2025-10-19,Spring Refresh,Canada,Display,Google Display,1351.66,273468,2982,80,6937.15,0.0109,0.0268,0.45,16.9,5.13
CMP-0291,2025-10-19,Fall Favorites,United States,Paid Social,TikTok,1912.78,251023,6535,234,20102.53,0.026,0.0358,0.29,8.17,10.51
CMP-0294,2025-10-19,Winter Wellness,United States,Paid Social,Instagram,4908.5,439789,5252,257,17402.51,0.0119,0.0489,0.93,19.1,3.55
CMP-0309,2025-10-19,Back to School,United Kingdom,Paid Social,LinkedIn,2489.19,352035,6644,351,34622.89,0.0189,0.0528,0.37,7.09,13.91
CMP-0381,2025-10-21,Spring Refresh,United States,Paid Social,Facebook,2014.59,229348,3743,132,9146.87,0.0163,0.0353,0.54,15.26,4.54
CMP-0393,2025-10-21,New Year Reset,Canada,Paid Search,Google Ads,5414.14,185068,9324,771,82834.4,0.0504,0.0827,0.58,7.02,15.3
CMP-0691,2025-10-21,New Year Reset,United States,Paid Social,Facebook,3973.55,499241,13489,820,53259.13,0.027,0.0608,0.29,4.85,13.4
CMP-0133,2025-10-22,Always-On Acquisition,United States,Paid Search,Google Ads,5825.46,248331,7386,676,69231.33,0.0297,0.0915,0.79,8.62,11.88
CMP-0364,2025-10-22,Cyber Monday,Australia,Affiliate,Affiliate Network,1900.14,164697,4184,286,33750.57,0.0254,0.0684,0.45,6.64,17.76
CMP-0388,2025-10-23,Always-On Acquisition,United States,Display,Programmatic,2225.56,269596,1950,65,5750.9,0.0072,0.0333,1.14,34.24,2.58
CMP-0158,2025-10-24,Summer Essentials,United States,Display,Google Display,668.23,78862,403,7,431.57,0.0051,0.0174,1.66,95.46,0.65
CMP-0370,2025-10-24,Winter Wellness,United States,Affiliate,Affiliate Network,5626.84,372957,5262,311,27680.25,0.0141,0.0591,1.07,18.09,4.92
CMP-0409,2025-10-24,Cyber Monday,United States,Paid Search,Google Ads,4554.57,169833,7676,625,81042.22,0.0452,0.0814,0.59,7.29,17.79
CMP-0535,2025-10-24,Black Friday,United States,Paid Search,Microsoft Ads,7446.57,320749,12976,1120,114128.46,0.0405,0.0863,0.57,6.65,15.33
CMP-0261,2025-10-25,Always-On Acquisition,United States,Paid Social,LinkedIn,5954.71,484044,11718,417,38311.99,0.0242,0.0356,0.51,14.28,6.43
CMP-0333,2025-10-25,Back to School,United States,Paid Social,LinkedIn,718.74,63258,1901,73,4655.67,0.0301,0.0384,0.38,9.85,6.48
CMP-0452,2025-10-26,Spring Refresh,United Kingdom,Paid Social,Instagram,4541.46,377187,11713,678,39353.09,0.0311,0.0579,0.39,6.7,8.67
CMP-0567,2025-10-26,Summer Essentials,Australia,Paid Social,Instagram,428.46,46028,1119,25,2101.74,0.0243,0.0223,0.38,17.14,4.91
CMP-0698,2025-10-29,Cyber Monday,United States,Display,Programmatic,2604.79,407955,2036,56,4396.85,0.005,0.0275,1.28,46.51,1.69
CMP-0424,2025-10-30,Back to School,Canada,Paid Social,LinkedIn,1837.92,238299,6933,321,30801.25,0.0291,0.0463,0.27,5.73,16.76
CMP-0532,2025-10-31,Spring Refresh,United States,Email,Email,1016.95,421816,23329,2127,196052.21,0.0553,0.0912,0.04,0.48,192.78
CMP-0710,2025-10-31,Summer Essentials,United Kingdom,Paid Search,Microsoft Ads,9014.75,368381,14427,620,60619.55,0.0392,0.043,0.62,14.54,6.72
CMP-0357,2025-11-01,Summer Essentials,United Kingdom,Paid Social,Facebook,3119.52,399740,8819,189,17086.62,0.0221,0.0214,0.35,16.51,5.48
CMP-0544,2025-11-01,Winter Wellness,United States,Paid Social,TikTok,251.3,34366,1068,32,2409.71,0.0311,0.03,0.24,7.85,9.59
CMP-0235,2025-11-02,New Year Reset,United States,Paid Social,TikTok,1704.36,208312,3830,162,11427.84,0.0184,0.0423,0.45,10.52,6.71
CMP-0293,2025-11-02,Fall Favorites,Canada,Affiliate,Affiliate Network,4152.1,347756,3963,78,7921.02,0.0114,0.0197,1.05,53.23,1.91
CMP-0169,2025-11-03,Spring Refresh,United States,Paid Search,Google Ads,9275.99,497187,16097,1425,106728.67,0.0324,0.0885,0.58,6.51,11.51
CMP-0598,2025-11-03,Holiday Gift Guide,United States,Email,Email,297.27,74468,1634,156,9861.96,0.0219,0.0955,0.18,1.91,33.18
CMP-0631,2025-11-03,Spring Refresh,United States,Affiliate,Affiliate Network,1262.77,84110,2293,110,9492.27,0.0273,0.048,0.55,11.48,7.52
CMP-0006,2025-11-04,Summer Essentials,United States,Display,Programmatic,456.87,91382,293,8,649.83,0.0032,0.0273,1.56,57.11,1.42
CMP-0239,2025-11-04,Black Friday,United States,Paid Social,TikTok,5062.23,451072,7043,582,40737.73,0.0156,0.0826,0.72,8.7,8.05
CMP-0531,2025-11-04,Winter Wellness,United Kingdom,Paid Search,Google Ads,1676.18,49500,2042,124,15072.8,0.0413,0.0607,0.82,13.52,8.99
CMP-0251,2025-11-05,Summer Essentials,United States,Paid Search,Google Ads,11096.69,495842,14740,1098,124705.24,0.0297,0.0745,0.75,10.11,11.24
CMP-0712,2025-11-05,Winter Wellness,Canada,Paid Social,TikTok,631.81,79487,1742,69,4973.63,0.0219,0.0396,0.36,9.16,7.87
CMP-0113,2025-11-06,Cyber Monday,United States,Paid Search,Microsoft Ads,7407.27,257667,9067,1179,164209.72,0.0352,0.13,0.82,6.28,22.17
CMP-0137,2025-11-06,Summer Essentials,Australia,Paid Search,Microsoft Ads,507.29,27193,1340,49,5726.53,0.0493,0.0366,0.38,10.35,11.29
CMP-0460,2025-11-06,Black Friday,Canada,Display,Programmatic,183.64,34225,250,9,822.01,0.0073,0.036,0.73,20.4,4.48
CMP-0634,2025-11-06,Spring Refresh,Australia,Display,Programmatic,2113.48,442839,2849,82,5696.44,0.0064,0.0288,0.74,25.77,2.7
CMP-0046,2025-11-07,Back to School,United States,Paid Search,Google Ads,8079.71,281423,14568,1229,99078.64,0.0518,0.0844,0.55,6.57,12.26
CMP-0199,2025-11-07,Always-On Acquisition,United States,Display,Google Display,1940.06,448597,1588,21,1762.99,0.0035,0.0132,1.22,92.38,0.91
CMP-0557,2025-11-07,Cyber Monday,United States,Paid Social,TikTok,1003.36,94535,3106,169,16242.41,0.0329,0.0544,0.32,5.94,16.19
CMP-0687,2025-11-08,Winter Wellness,Australia,Paid Search,Google Ads,12983.05,467360,20261,1548,167899.46,0.0434,0.0764,0.64,8.39,12.93
CMP-0382,2025-11-10,Cyber Monday,United States,Paid Search,Google Ads,6553.13,345375,11937,1464,135607.72,0.0346,0.1226,0.55,4.48,20.69
CMP-0149,2025-11-11,Summer Essentials,United States,Paid Search,Google Ads,1306.41,67632,3506,333,23954.25,0.0518,0.095,0.37,3.92,18.34
CMP-0275,2025-11-11,Fall Favorites,United Kingdom,Paid Search,Microsoft Ads,8676.98,364208,12254,540,64166.52,0.0336,0.0441,0.71,16.07,7.4
CMP-0352,2025-11-11,Summer Essentials,United States,Paid Search,Microsoft Ads,7198.91,308306,11621,518,61693.2,0.0377,0.0446,0.62,13.9,8.57
CMP-0401,2025-11-11,Holiday Gift Guide,United Kingdom,Paid Search,Google Ads,12803.38,480574,25131,1302,111427.53,0.0523,0.0518,0.51,9.83,8.7
CMP-0475,2025-11-12,Winter Wellness,United States,Affiliate,Affiliate Network,1942.2,193871,4588,190,18841.13,0.0237,0.0414,0.42,10.22,9.7
CMP-0540,2025-11-13,Back to School,United Kingdom,Display,Programmatic,1538.76,199027,797,22,1650.6,0.004,0.0276,1.93,69.94,1.07
CMP-0484,2025-11-14,Summer Essentials,United States,Paid Social,Facebook,1497.44,154643,2904,81,6969.15,0.0188,0.0279,0.52,18.49,4.65
CMP-0545,2025-11-14,Spring Refresh,Australia,Affiliate,Affiliate Network,2050.79,176947,2867,120,8536.04,0.0162,0.0419,0.72,17.09,4.16
CMP-0674,2025-11-14,Summer Essentials,Canada,Paid Search,Microsoft Ads,8708.66,260076,14836,445,42620.02,0.057,0.03,0.59,19.57,4.89
CMP-0250,2025-11-15,Winter Wellness,Canada,Affiliate,Affiliate Network,396.58,47443,1103,60,6168.23,0.0232,0.0544,0.36,6.61,15.55
CMP-0283,2025-11-16,Holiday Gift Guide,United States,Email,Email,910.31,278052,10754,681,46661.83,0.0387,0.0633,0.08,1.34,51.26
CMP-0453,2025-11-16,Back to School,Canada,Paid Social,Facebook,240.65,33659,839,23,1393.97,0.0249,0.0274,0.29,10.46,5.79
CMP-0117,2025-11-17,Always-On Acquisition,Australia,Paid Social,LinkedIn,1063.43,90548,1751,75,4502.48,0.0193,0.0428,0.61,14.18,4.23
CMP-0255,2025-11-17,Fall Favorites,United States,Display,Google Display,3327.01,479562,4262,137,7728.93,0.0089,0.0321,0.78,24.28,2.32
CMP-0398,2025-11-17,Fall Favorites,United States,Paid Search,Google Ads,5316.72,210373,7537,680,71077.93,0.0358,0.0902,0.71,7.82,13.37
CMP-0589,2025-11-17,Holiday Gift Guide,Canada,Email,Email,143.71,63612,2096,134,8516.57,0.0329,0.0639,0.07,1.07,59.26
CMP-0669,2025-11-17,Winter Wellness,United Kingdom,Email,Email,307.69,88341,2268,203,13815.03,0.0257,0.0895,0.14,1.52,44.9
CMP-0383,2025-11-18,Summer Essentials,United States,Paid Search,Google Ads,1833.18,76006,3410,214,25317.76,0.0449,0.0628,0.54,8.57,13.81
CMP-0457,2025-11-18,Winter Wellness,United Kingdom,Paid Social,LinkedIn,2449.59,305505,8323,469,26348.15,0.0272,0.0563,0.29,5.22,10.76
CMP-0600,2025-11-18,Fall Favorites,United Kingdom,Affiliate,Affiliate Network,4124.63,446041,13189,814,68406.65,0.0296,0.0617,0.31,5.07,16.58
CMP-0180,2025-11-19,Back to School,Canada,Paid Search,Google Ads,5919.82,312580,12303,480,44065.92,0.0394,0.039,0.48,12.33,7.44
CMP-0387,2025-11-19,Cyber Monday,Canada,Email,Email,793.09,233542,13301,1559,176083.8,0.057,0.1172,0.06,0.51,222.02
CMP-0619,2025-11-19,Black Friday,Canada,Paid Social,TikTok,1737.41,246232,6957,348,37489.84,0.0283,0.05,0.25,4.99,21.58
CMP-0703,2025-11-19,Summer Essentials,United Kingdom,Display,Google Display,3261.55,423607,4565,101,6581.28,0.0108,0.0221,0.71,32.29,2.02
CMP-0733,2025-11-21,Cyber Monday,Canada,Display,Google Display,3169.71,453248,3735,106,5805.79,0.0082,0.0284,0.85,29.9,1.83
CMP-0020,2025-11-22,New Year Reset,United Kingdom,Paid Search,Microsoft Ads,13689.88,445991,16312,849,65162.18,0.0366,0.052,0.84,16.12,4.76
CMP-0108,2025-11-22,Summer Essentials,United States,Display,Programmatic,1445.26,212255,2014,72,5463.57,0.0095,0.0357,0.72,20.07,3.78
CMP-0607,2025-11-22,Back to School,United Kingdom,Email,Email,1038.27,374571,17580,1593,100562.25,0.0469,0.0906,0.06,0.65,96.86
CMP-0318,2025-11-24,Summer Essentials,Australia,Email,Email,797.45,236365,12716,919,66566.6,0.0538,0.0723,0.06,0.87,83.47
CMP-0602,2025-11-24,Black Friday,Canada,Email,Email,354.38,206663,8053,660,43918.41,0.039,0.082,0.04,0.54,123.93
CMP-0328,2025-11-25,Fall Favorites,Canada,Paid Search,Google Ads,683.72,32649,1817,138,15239.26,0.0557,0.0759,0.38,4.95,22.29
CMP-0562,2025-11-25,New Year Reset,United States,Affiliate,Affiliate Network,1441.94,174956,3931,269,20923.19,0.0225,0.0684,0.37,5.36,14.51
CMP-0069,2025-11-26,Spring Refresh,United Kingdom,Paid Search,Google Ads,5144.0,155542,4583,261,28571.71,0.0295,0.0569,1.12,19.71,5.55
CMP-0421,2025-11-26,Winter Wellness,United Kingdom,Paid Search,Google Ads,10134.13,410682,15590,918,105740.32,0.038,0.0589,0.65,11.04,10.43
CMP-0195,2025-11-27,Holiday Gift Guide,United Kingdom,Affiliate,Affiliate Network,2386.17,149864,3145,218,24338.97,0.021,0.0693,0.76,10.95,10.2
CMP-0561,2025-11-27,Back to School,United States,Paid Social,TikTok,4959.79,403006,13501,778,71786.16,0.0335,0.0576,0.37,6.38,14.47
CMP-0164,2025-11-28,Back to School,United States,Paid Search,Google Ads,12490.93,387647,10674,935,109050.01,0.0275,0.0876,1.17,13.36,8.73
CMP-0679,2025-11-28,Spring Refresh,United Kingdom,Paid Social,Facebook,4246.84,495776,14285,437,40708.55,0.0288,0.0306,0.3,9.72,9.59
CMP-0273,2025-11-30,Black Friday,United States,Paid Social,LinkedIn,2052.59,244492,6520,544,48951.36,0.0267,0.0834,0.31,3.77,23.85
CMP-0521,2025-11-30,Winter Wellness,United Kingdom,Paid Social,Facebook,923.08,121161,1556,77,5466.32,0.0128,0.0495,0.59,11.99,5.92
CMP-0575,2025-11-30,Cyber Monday,United States,Email,Email,292.67,137643,7169,443,34199.82,0.0521,0.0618,0.04,0.66,116.85
CMP-0009,2025-12-01,Spring Refresh,United Kingdom,Paid Search,Microsoft Ads,11639.76,397352,16368,791,56358.09,0.0412,0.0483,0.71,14.72,4.84
CMP-0175,2025-12-01,Fall Favorites,United States,Email,Email,1484.61,385985,17394,1783,173376.33,0.0451,0.1025,0.09,0.83,116.78
CMP-0324,2025-12-01,Winter Wellness,Australia,Paid Social,Instagram,586.83,50742,1395,45,3784.01,0.0275,0.0323,0.42,13.04,6.45
CMP-0552,2025-12-01,Back to School,Canada,Paid Search,Google Ads,9802.45,466287,25320,1312,163001.4,0.0543,0.0518,0.39,7.47,16.63
CMP-0083,2025-12-02,Winter Wellness,United States,Paid Search,Microsoft Ads,6319.49,326963,8306,374,29584.08,0.0254,0.045,0.76,16.9,4.68
CMP-0244,2025-12-02,Summer Essentials,United States,Paid Social,LinkedIn,881.34,88240,2192,72,6194.83,0.0248,0.0328,0.4,12.24,7.03
CMP-0290,2025-12-02,New Year Reset,Australia,Paid Social,LinkedIn,2061.64,167279,2284,76,6398.2,0.0137,0.0333,0.9,27.13,3.1
CMP-0509,2025-12-02,Holiday Gift Guide,United States,Paid Social,TikTok,3735.63,355543,8587,309,26456.39,0.0242,0.036,0.44,12.09,7.08
CMP-0522,2025-12-02,Holiday Gift Guide,United States,Paid Social,TikTok,4384.13,480762,12005,636,56927.58,0.025,0.053,0.37,6.89,12.98
CMP-0629,2025-12-02,New Year Reset,United Kingdom,Paid Social,TikTok,419.68,52866,1699,98,9707.29,0.0321,0.0577,0.25,4.28,23.13
CMP-0636,2025-12-02,Cyber Monday,Canada,Paid Social,Instagram,1119.36,107257,1396,88,6389.31,0.013,0.063,0.8,12.72,5.71
CMP-0666,2025-12-02,Fall Favorites,United States,Email,Email,1170.5,453428,12437,1143,71529.38,0.0274,0.0919,0.09,1.02,61.11
CMP-0681,2025-12-02,Black Friday,United States,Affiliate,Affiliate Network,1829.4,143933,3237,174,19146.37,0.0225,0.0538,0.57,10.51,10.47
CMP-0233,2025-12-03,Black Friday,United States,Affiliate,Affiliate Network,2232.66,222677,4995,263,24749.78,0.0224,0.0527,0.45,8.49,11.09
CMP-0346,2025-12-03,New Year Reset,United States,Paid Search,Google Ads,1997.95,58993,3434,267,22976.47,0.0582,0.0778,0.58,7.48,11.5
CMP-0530,2025-12-03,Spring Refresh,United Kingdom,Affiliate,Affiliate Network,2349.34,240057,4477,219,22089.55,0.0186,0.0489,0.52,10.73,9.4
CMP-0645,2025-12-03,Summer Essentials,United Kingdom,Affiliate,Affiliate Network,5490.41,428274,8021,504,43463.89,0.0187,0.0628,0.68,10.89,7.92
CMP-0189,2025-12-04,Winter Wellness,United Kingdom,Display,Programmatic,1526.26,349230,2416,33,1943.53,0.0069,0.0137,0.63,46.25,1.27
CMP-0262,2025-12-04,Holiday Gift Guide,United States,Display,Google Display,3193.08,391993,1999,73,6386.22,0.0051,0.0365,1.6,43.74,2.0
CMP-0423,2025-12-04,Winter Wellness,United Kingdom,Paid Search,Microsoft Ads,10900.89,335989,12705,759,86529.26,0.0378,0.0597,0.86,14.36,7.94
CMP-0456,2025-12-06,Holiday Gift Guide,Australia,Display,Programmatic,517.22,81112,635,12,736.32,0.0078,0.0189,0.81,43.1,1.42
CMP-0120,2025-12-08,Back to School,United States,Display,Programmatic,2619.06,405660,4222,149,8022.73,0.0104,0.0353,0.62,17.58,3.06
CMP-0390,2025-12-08,Spring Refresh,Canada,Email,Email,380.39,146133,3803,329,28141.94,0.026,0.0865,0.1,1.16,73.98
CMP-0659,2025-12-08,Holiday Gift Guide,United States,Affiliate,Affiliate Network,4954.66,413005,7981,560,38888.28,0.0193,0.0702,0.62,8.85,7.85
CMP-0482,2025-12-09,Cyber Monday,United States,Paid Social,Instagram,5937.63,487297,9510,532,38668.75,0.0195,0.0559,0.62,11.16,6.51
CMP-0488,2025-12-09,Summer Essentials,Australia,Paid Social,TikTok,882.31,99821,1233,25,1523.93,0.0124,0.0203,0.72,35.29,1.73
CMP-0051,2025-12-13,Fall Favorites,United States,Paid Social,Facebook,2202.67,223740,3890,191,16074.12,0.0174,0.0491,0.57,11.53,7.3
CMP-0263,2025-12-13,New Year Reset,United Kingdom,Paid Search,Microsoft Ads,6995.43,349237,9489,776,60544.12,0.0272,0.0818,0.74,9.01,8.65
CMP-0499,2025-12-13,New Year Reset,United States,Paid Search,Google Ads,1449.93,63912,2970,293,35276.21,0.0465,0.0987,0.49,4.95,24.33
CMP-0508,2025-12-13,Winter Wellness,United States,Email,Email,1407.22,445954,10363,662,54367.66,0.0232,0.0639,0.14,2.13,38.63
CMP-0714,2025-12-13,Winter Wellness,United Kingdom,Paid Social,Instagram,3184.62,391204,6241,299,29044.95,0.016,0.0479,0.51,10.65,9.12
CMP-0068,2025-12-14,Fall Favorites,United Kingdom,Paid Social,LinkedIn,2668.34,215644,5670,310,28954.16,0.0263,0.0547,0.47,8.61,10.85
CMP-0094,2025-12-15,Back to School,United States,Paid Social,TikTok,848.32,85785,2993,139,8337.38,0.0349,0.0464,0.28,6.1,9.83
CMP-0056,2025-12-16,Black Friday,United Kingdom,Paid Social,Facebook,3508.08,345606,5157,391,36789.48,0.0149,0.0758,0.68,8.97,10.49
CMP-0345,2025-12-16,Back to School,United States,Paid Social,Instagram,4214.07,472692,9130,503,28737.08,0.0193,0.0551,0.46,8.38,6.82
CMP-0458,2025-12-16,Fall Favorites,United States,Paid Social,Instagram,3001.11,249011,7971,266,21596.52,0.032,0.0334,0.38,11.28,7.2
CMP-0325,2025-12-17,Back to School,Australia,Paid Social,Instagram,3926.62,348507,9370,397,24684.34,0.0269,0.0424,0.42,9.89,6.29
CMP-0463,2025-12-17,Summer Essentials,Australia,Email,Email,213.23,72536,3043,83,5149.61,0.042,0.0273,0.07,2.57,24.15
CMP-0616,2025-12-17,New Year Reset,Australia,Paid Search,Google Ads,8779.35,270926,7346,303,35221.57,0.0271,0.0412,1.2,28.97,4.01
CMP-0027,2025-12-18,Cyber Monday,United States,Paid Social,Facebook,1576.97,137414,3962,154,11130.17,0.0288,0.0389,0.4,10.24,7.06
CMP-0140,2025-12-18,Cyber Monday,United States,Paid Social,Facebook,4057.2,410208,11037,705,56202.66,0.0269,0.0639,0.37,5.75,13.85
CMP-0379,2025-12-18,Summer Essentials,Australia,Display,Programmatic,2273.76,459454,1953,45,3310.24,0.0043,0.023,1.16,50.53,1.46
CMP-0738,2025-12-18,Always-On Acquisition,United States,Paid Search,Microsoft Ads,9940.17,493895,20047,1036,105797.57,0.0406,0.0517,0.5,9.59,10.64
CMP-0208,2025-12-20,Fall Favorites,United States,Email,Email,913.93,373720,17845,1551,113059.68,0.0477,0.0869,0.05,0.59,123.71
CMP-0369,2025-12-20,Back to School,United States,Paid Social,Instagram,1995.78,249901,7384,267,21800.01,0.0295,0.0362,0.27,7.47,10.92
CMP-0268,2025-12-21,Summer Essentials,United Kingdom,Paid Social,Facebook,1351.87,138195,1789,87,6807.39,0.0129,0.0486,0.76,15.54,5.04
CMP-0050,2025-12-22,Winter Wellness,United States,Paid Social,TikTok,2434.54,228254,5985,258,16716.67,0.0262,0.0431,0.41,9.44,6.87
CMP-0304,2025-12-22,Summer Essentials,Australia,Paid Search,Google Ads,11775.49,341770,9857,606,47392.31,0.0288,0.0615,1.19,19.43,4.02
CMP-0356,2025-12-22,New Year Reset,United Kingdom,Paid Social,TikTok,2794.5,275577,9604,513,40124.53,0.0349,0.0534,0.29,5.45,14.36
CMP-0746,2025-12-22,Always-On Acquisition,United States,Paid Search,Microsoft Ads,9951.49,429348,17967,919,85677.7,0.0418,0.0511,0.55,10.83,8.61
CMP-0066,2025-12-23,Spring Refresh,Canada,Paid Social,LinkedIn,373.0,51150,763,35,3143.61,0.0149,0.0459,0.49,10.66,8.43
CMP-0065,2025-12-26,Always-On Acquisition,Australia,Paid Search,Google Ads,4486.9,179499,8844,539,61507.06,0.0493,0.0609,0.51,8.32,13.71
CMP-0641,2025-12-27,New Year Reset,United States,Paid Social,LinkedIn,281.5,27574,391,20,1752.6,0.0142,0.0512,0.72,14.07,6.23
CMP-0125,2025-12-28,Always-On Acquisition,Australia,Paid Social,LinkedIn,3479.42,318149,6155,248,19788.14,0.0193,0.0403,0.57,14.03,5.69
CMP-0647,2025-12-28,Holiday Gift Guide,United States,Display,Programmatic,187.85,35359,309,10,554.43,0.0087,0.0324,0.61,18.79,2.95
CMP-0694,2025-12-28,Holiday Gift Guide,United Kingdom,Paid Social,Facebook,3954.93,357475,5078,229,20761.37,0.0142,0.0451,0.78,17.27,5.25
CMP-0243,2025-12-30,Spring Refresh,Canada,Paid Search,Google Ads,5888.06,317346,8543,353,29810.9,0.0269,0.0413,0.69,16.68,5.06
CMP-0438,2025-12-30,Fall Favorites,Canada,Paid Social,LinkedIn,2092.58,271592,8328,145,8665.44,0.0307,0.0174,0.25,14.43,4.14
CMP-0550,2025-12-30,Holiday Gift Guide,United States,Paid Search,Microsoft Ads,3404.8,117150,5033,466,42063.84,0.043,0.0926,0.68,7.31,12.35
CMP-0633,2025-12-30,Back to School,United States,Paid Search,Microsoft Ads,1112.78,50977,1225,62,6285.35,0.024,0.0506,0.91,17.95,5.65
CMP-0447,2025-12-31,Cyber Monday,Canada,Paid Social,Facebook,5229.87,489088,7793,307,23832.25,0.0159,0.0394,0.67,17.04,4.56
CMP-0477,2025-12-31,Spring Refresh,United States,Email,Email,226.61,71907,3091,256,22731.23,0.043,0.0828,0.07,0.89,100.31
